zp_m,df_hz
-3.9590293492901954e-07,-35.071967374733504
-3.9587793522946122e-07,-34.702513573847682
-3.9585293552990291e-07,-34.413342575589922
-3.9582793583034459e-07,-34.052222019909095
-3.9580293613078627e-07,-33.639243213201553
-3.9577793643122796e-07,-33.293609646989353
-3.9575293673166964e-07,-33.014600830938434
-3.9572793703211133e-07,-32.636346247727488
-3.9570293733255301e-07,-32.375064051848312
-3.956779376329947e-07,-31.96989979414866
-3.9565293793343638e-07,-31.642157694022899
-3.9562793823387807e-07,-31.303224545808916
-3.9560293853431975e-07,-31.008265466425655
-3.9557793883476144e-07,-30.708027054515696
-3.9555293913520312e-07,-30.366643954948813
-3.955279394356448e-07,-30.132675021832256
-3.9550293973608649e-07,-29.776109045087651
-3.9547794003652817e-07,-29.471132734215644
-3.9545294033696986e-07,-29.150979230507801
-3.9542794063741154e-07,-28.833224519075884
-3.9540294093785323e-07,-28.618060810003954
-3.9537794123829491e-07,-28.349818137485272
-3.953529415387366e-07,-28.015078612497746
-3.9532794183917828e-07,-27.781912592672597
-3.9530294213961997e-07,-27.474969499508006
-3.9527794244006165e-07,-27.243949318744853
-3.9525294274050333e-07,-27.011897429929377
-3.9522794304094502e-07,-26.785345141888683
-3.952029433413867e-07,-26.526915064550849
-3.9517794364182839e-07,-26.275530728980812
-3.9515294394227007e-07,-26.031706568119262
-3.9512794424271176e-07,-25.803693404213845
-3.9510294454315344e-07,-25.538246006817644
-3.9507794484359513e-07,-25.33707288421283
-3.9505294514403681e-07,-25.11781502789745
-3.950279454444785e-07,-24.912584706271446
-3.9500294574492018e-07,-24.628309347463073
-3.9497794604536186e-07,-24.391462716266687
-3.9495294634580355e-07,-24.167073320313648
-3.9492794664624523e-07,-23.94763072288697
-3.9490294694668692e-07,-23.724693676285824
-3.948779472471286e-07,-23.494249035138637
-3.9485294754757029e-07,-23.285208783363487
-3.9482794784801197e-07,-23.094258949640789
-3.9480294814845366e-07,-22.878519700952893
-3.9477794844889534e-07,-22.722440462530358
-3.9475294874933703e-07,-22.55773097203928
-3.9472794904977871e-07,-22.337081873047282
-3.9470294935022039e-07,-22.192301685208804
-3.9467794965066208e-07,-22.013200862147642
-3.9465294995110376e-07,-21.760412494131742
-3.9462795025154545e-07,-21.589093535112625
-3.9460295055198713e-07,-21.424312990347971
-3.9457795085242882e-07,-21.262589200432558
-3.945529511528705e-07,-21.053595844477968
-3.9452795145331219e-07,-20.894168528684531
-3.9450295175375387e-07,-20.704446512809227
-3.9447795205419556e-07,-20.540268508284498
-3.9445295235463724e-07,-20.371881248593127
-3.9442795265507892e-07,-20.198089600853564
-3.9440295295552061e-07,-20.053732896485599
-3.9437795325596229e-07,-19.907854209577636
-3.9435295355640398e-07,-19.724122068964789
-3.9432795385684566e-07,-19.541643325737823
-3.9430295415728735e-07,-19.422388675138791
-3.9427795445772903e-07,-19.258315830938955
-3.9425295475817072e-07,-19.102296278106223
-3.942279550586124e-07,-18.935294576749584
-3.9420295535905409e-07,-18.814145619217015
-3.9417795565949577e-07,-18.681855351587728
-3.9415295595993745e-07,-18.512710653340037
-3.9412795626037914e-07,-18.326561246340134
-3.9410295656082082e-07,-18.185326666753099
-3.9407795686126251e-07,-18.042196359147056
-3.9405295716170419e-07,-17.934613083525619
-3.9402795746214588e-07,-17.777109917460621
-3.9400295776258756e-07,-17.632601156947203
-3.9397795806302925e-07,-17.464516588461265
-3.9395295836347093e-07,-17.378127381562081
-3.9392795866391262e-07,-17.212200020821911
-3.939029589643543e-07,-17.092014559239033
-3.9387795926479598e-07,-16.985718787054793
-3.9385295956523767e-07,-16.836193594826909
-3.9382795986567935e-07,-16.700921889878373
-3.9380296016612104e-07,-16.585748596753547
-3.9377796046656272e-07,-16.454642093322036
-3.9375296076700441e-07,-16.335762609287485
-3.9372796106744609e-07,-16.214232800848549
-3.9370296136788778e-07,-16.092205612494581
-3.9367796166832946e-07,-16.003890834781487
-3.9365296196877114e-07,-15.845797918245808
-3.9362796226921283e-07,-15.723934154721064
-3.9360296256965451e-07,-15.623989213509049
-3.935779628700962e-07,-15.524767604802037
-3.9355296317053788e-07,-15.414032361604768
-3.9352796347097957e-07,-15.30924294002034
-3.9350296377142125e-07,-15.201227654415561
-3.9347796407186294e-07,-15.091859495441895
-3.9345296437230462e-07,-15.002298425770277
-3.9342796467274631e-07,-14.894597200054704
-3.9340296497318799e-07,-14.793245384225884
-3.9337796527362967e-07,-14.658148472790344
-3.9335296557407136e-07,-14.587726582249161
-3.9332796587451304e-07,-14.47138942012316
-3.9330296617495473e-07,-14.381296864485194
-3.9327796647539641e-07,-14.261473779697553
-3.932529667758381e-07,-14.189875230385951
-3.9322796707627978e-07,-14.082485222388641
-3.9320296737672147e-07,-13.973057377825171
-3.9317796767716315e-07,-13.912620033806888
-3.9315296797760484e-07,-13.807589027692302
-3.9312796827804652e-07,-13.694999267954699
-3.931029685784882e-07,-13.630001660658309
-3.9307796887892989e-07,-13.522866026960401
-3.9305296917937157e-07,-13.409425037025358
-3.9302796947981326e-07,-13.30744083816171
-3.9300296978025494e-07,-13.252814312636474
-3.9297797008069663e-07,-13.152336464372638
-3.9295297038113831e-07,-13.100039097935223
-3.9292797068158e-07,-13.007934285269585
-3.9290297098202168e-07,-12.912397551190224
-3.9287797128246337e-07,-12.810798466489359
-3.9285297158290505e-07,-12.754273370774172
-3.9282797188334673e-07,-12.666836823882477
-3.9280297218378842e-07,-12.584449393671093
-3.927779724842301e-07,-12.489880418797839
-3.9275297278467179e-07,-12.412955641138979
-3.9272797308511347e-07,-12.33726578675487
-3.9270297338555516e-07,-12.196196053082531
-3.9267797368599684e-07,-12.148377948051348
-3.9265297398643853e-07,-12.07891529020344
-3.9262797428688021e-07,-11.946177380650624
-3.926029745873219e-07,-11.913004982488928
-3.9257797488776358e-07,-11.821522605259815
-3.9255297518820526e-07,-11.752260320463392
-3.9252797548864695e-07,-11.676010558403505
-3.9250297578908863e-07,-11.624028672940767
-3.9247797608953032e-07,-11.52649389268845
-3.92452976389972e-07,-11.465793647857936
-3.9242797669041369e-07,-11.428028301452287
-3.9240297699085537e-07,-11.335218630392774
-3.9237797729129706e-07,-11.25588795503063
-3.9235297759173874e-07,-11.194889282251097
-3.9232797789218043e-07,-11.133043642530538
-3.9230297819262211e-07,-11.061190718919534
-3.9227797849306379e-07,-11.023487900274631
-3.9225297879350548e-07,-10.897149138600071
-3.9222797909394716e-07,-10.850666853912116
-3.9220297939438885e-07,-10.806446937294822
-3.9217797969483053e-07,-10.744079759206215
-3.9215297999527222e-07,-10.668462380181154
-3.921279802957139e-07,-10.60488301618534
-3.9210298059615559e-07,-10.567561048446805
-3.9207798089659727e-07,-10.461307908826711
-3.9205298119703896e-07,-10.427309860006062
-3.9202798149748064e-07,-10.367560321355995
-3.9200298179792232e-07,-10.320678711650544
-3.9197798209836401e-07,-10.23664566446314
-3.9195298239880569e-07,-10.13692099149921
-3.9192798269924738e-07,-10.135440220437886
-3.9190298299968906e-07,-10.025684105130495
-3.9187798330013075e-07,-9.9844172041230195
-3.9185298360057243e-07,-9.9567955658130813
-3.9182798390101412e-07,-9.8804420645137725
-3.918029842014558e-07,-9.8044523610951728
-3.9177798450189749e-07,-9.7329291293135611
-3.9175298480233917e-07,-9.6890872214316914
-3.9172798510278085e-07,-9.6383999448335089
-3.9170298540322254e-07,-9.6103434543692856
-3.9167798570366422e-07,-9.5383882126043318
-3.9165298600410591e-07,-9.4933966465760022
-3.9162798630454759e-07,-9.4200572675617877
-3.9160298660498928e-07,-9.3620769803237636
-3.9157798690543096e-07,-9.307447612627584
-3.9155298720587265e-07,-9.2745196411669895
-3.9152798750631433e-07,-9.2202668611207628
-3.9150298780675602e-07,-9.1669278390327236
-3.914779881071977e-07,-9.1010676328551199
-3.9145298840763938e-07,-9.0339014491291891
-3.9142798870808107e-07,-9.0051329948437342
-3.9140298900852275e-07,-8.9544201387070643
-3.9137798930896444e-07,-8.9095834709951305
-3.9135298960940612e-07,-8.8735887970869953
-3.9132798990984781e-07,-8.8265238673557178
-3.9130299021028949e-07,-8.7413340565944964
-3.9127799051073118e-07,-8.7086064581853861
-3.9125299081117286e-07,-8.6591356307508249
-3.9122799111161455e-07,-8.6339738913920883
-3.9120299141205623e-07,-8.5817816852795659
-3.9117799171249791e-07,-8.5484600731433602
-3.911529920129396e-07,-8.4895930285711074
-3.9112799231338128e-07,-8.4325947113939037
-3.9110299261382297e-07,-8.4135308497934602
-3.9107799291426465e-07,-8.3499870129344345
-3.9105299321470634e-07,-8.3043062204524176
-3.9102799351514802e-07,-8.2485797747722245
-3.9100299381558971e-07,-8.2126135225735197
-3.9097799411603139e-07,-8.1529748285902315
-3.9095299441647308e-07,-8.1145302033291955
-3.9092799471691476e-07,-8.0763129517436028
-3.9090299501735644e-07,-8.0684671388553397
-3.9087799531779813e-07,-7.9916802064872172
-3.9085299561823981e-07,-7.9748403436497028
-3.908279959186815e-07,-7.9233714700421842
-3.9080299621912318e-07,-7.8762809607724193
-3.9077799651956487e-07,-7.8203896691775299
-3.9075299682000655e-07,-7.7949422916390176
-3.9072799712044824e-07,-7.7511671747743094
-3.9070299742088992e-07,-7.7210216886669514
-3.9067799772133161e-07,-7.6991838682261005
-3.9065299802177329e-07,-7.630387699464336
-3.9062799832221497e-07,-7.6255787462287117
-3.9060299862265666e-07,-7.5692767609325529
-3.9057799892309834e-07,-7.5143418598599965
-3.9055299922354003e-07,-7.4913401704179705
-3.9052799952398171e-07,-7.4563203611432982
-3.905029998244234e-07,-7.4042773690052854
-3.9047800012486508e-07,-7.4144594464087277
-3.9045300042530677e-07,-7.344135610765079
-3.9042800072574845e-07,-7.2780906634761777
-3.9040300102619014e-07,-7.2469319434276258
-3.9037800132663182e-07,-7.2294497499569843
-3.903530016270735e-07,-7.2041615339912823
-3.9032800192751519e-07,-7.1524183908877603
-3.9030300222795687e-07,-7.126192258510855
-3.9027800252839856e-07,-7.1015421099218656
-3.9025300282884024e-07,-7.0513692662643734
-3.9022800312928193e-07,-7.0336312774088583
-3.9020300342972361e-07,-6.9604141117451945
-3.901780037301653e-07,-6.9339478159236023
-3.9015300403060698e-07,-6.8963046828685037
-3.9012800433104867e-07,-6.8655580776066927
-3.9010300463149035e-07,-6.844649647064216
-3.9007800493193203e-07,-6.8064267111367371
-3.9005300523237372e-07,-6.7732017328125949
-3.900280055328154e-07,-6.7247341917209269
-3.9000300583325709e-07,-6.7117767343916057
-3.8997800613369877e-07,-6.6711734802993305
-3.8995300643414046e-07,-6.6348974314678344
-3.8992800673458214e-07,-6.5865677356669039
-3.8990300703502383e-07,-6.5787560288299574
-3.8987800733546551e-07,-6.5222536704823142
-3.898530076359072e-07,-6.514819972380792
-3.8982800793634888e-07,-6.4935321120174194
-3.8980300823679056e-07,-6.446543920901604
-3.8977800853723225e-07,-6.4078406580847513
-3.8975300883767393e-07,-6.3775857483960863
-3.8972800913811562e-07,-6.3716910858602205
-3.897030094385573e-07,-6.320831857919984
-3.8967800973899899e-07,-6.2796729594083445
-3.8965301003944067e-07,-6.2507083953278197
-3.8962801033988236e-07,-6.2347041307475592
-3.8960301064032404e-07,-6.2115816490404541
-3.8957801094076573e-07,-6.165919330669567
-3.8955301124120741e-07,-6.1423307329278032
-3.8952801154164909e-07,-6.1101047776901396
-3.8950301184209078e-07,-6.0772748611270799
-3.8947801214253246e-07,-6.058108681372687
-3.8945301244297415e-07,-6.0234853549445688
-3.8942801274341583e-07,-5.9884598613280104
-3.8940301304385752e-07,-5.9617349279506016
-3.893780133442992e-07,-5.9489337900231476
-3.8935301364474089e-07,-5.9095754068039241
-3.8932801394518257e-07,-5.8796103985514492
-3.8930301424562426e-07,-5.8547072967485292
-3.8927801454606594e-07,-5.8382866541251133
-3.8925301484650762e-07,-5.8046012441081984
-3.8922801514694931e-07,-5.7648463780424208
-3.8920301544739099e-07,-5.7460567859379807
-3.8917801574783268e-07,-5.7332897540618433
-3.8915301604827436e-07,-5.7131629205287027
-3.8912801634871605e-07,-5.668793789936899
-3.8910301664915773e-07,-5.656940516018949
-3.8907801694959942e-07,-5.6363859357588808
-3.890530172500411e-07,-5.6020127203737502
-3.8902801755048278e-07,-5.5740173365848023
-3.8900301785092447e-07,-5.5402722409780836
-3.8897801815136615e-07,-5.52995800262579
-3.8895301845180784e-07,-5.4995197729112988
-3.8892801875224952e-07,-5.4772456792306912
-3.8890301905269121e-07,-5.4510252311956719
-3.8887801935313289e-07,-5.4288989304041024
-3.8885301965357458e-07,-5.4399279747485707
-3.8882801995401626e-07,-5.375788703076978
-3.8880302025445795e-07,-5.360632826523215
-3.8877802055489963e-07,-5.3286484558157099
-3.8875302085534131e-07,-5.2958768037569826
-3.88728021155783e-07,-5.2784159265684139
-3.8870302145622468e-07,-5.2748802659152716
-3.8867802175666637e-07,-5.2425406238398864
-3.8865302205710805e-07,-5.2261626137806161
-3.8862802235754974e-07,-5.2106386760897294
-3.8860302265799142e-07,-5.1698805236810585
-3.8857802295843311e-07,-5.1272209589114937
-3.8855302325887479e-07,-5.1401613632151566
-3.8852802355931648e-07,-5.1218478347436758
-3.8850302385975816e-07,-5.0954781727341469
-3.8847802416019984e-07,-5.0570875487210287
-3.8845302446064153e-07,-5.0733419243442768
-3.8842802476108321e-07,-5.0310632104810793
-3.884030250615249e-07,-5.0161830245087913
-3.8837802536196658e-07,-4.9839314897326403
-3.8835302566240827e-07,-4.9456886586085602
-3.8832802596284995e-07,-4.953268728513649
-3.8830302626329164e-07,-4.910008044589631
-3.8827802656373332e-07,-4.9168122018272697
-3.8825302686417501e-07,-4.8680902864361997
-3.8822802716461669e-07,-4.8538097985328932
-3.8820302746505837e-07,-4.8554397835687269
-3.8817802776550006e-07,-4.8100446292664856
-3.8815302806594174e-07,-4.8121336249096203
-3.8812802836638343e-07,-4.7753871967870509
-3.8810302866682511e-07,-4.7734488362038974
-3.880780289672668e-07,-4.7426240712411527
-3.8805302926770848e-07,-4.7291166538343532
-3.8802802956815017e-07,-4.7040884965099394
-3.8800302986859185e-07,-4.66525733600065
-3.8797803016903354e-07,-4.673739795180154
-3.8795303046947522e-07,-4.6334136527548253
-3.879280307699169e-07,-4.6338655579347687
-3.8790303107035859e-07,-4.5974019258210319
-3.8787803137080027e-07,-4.5794465108883742
-3.8785303167124196e-07,-4.579082713007665
-3.8782803197168364e-07,-4.5406949311654898
-3.8780303227212533e-07,-4.5368437895376701
-3.8777803257256701e-07,-4.5031129047856666
-3.877530328730087e-07,-4.4816815147896705
-3.8772803317345038e-07,-4.4634688833866676
-3.8770303347389207e-07,-4.4502655782707734
-3.8767803377433375e-07,-4.4543099875227199
-3.8765303407477543e-07,-4.406408038448717
-3.8762803437521712e-07,-4.402717479479179
-3.876030346756588e-07,-4.3782122816082847
-3.8757803497610049e-07,-4.363674577234633
-3.8755303527654217e-07,-4.343800696915423
-3.8752803557698386e-07,-4.326349767325155
-3.8750303587742554e-07,-4.3128395077474124
-3.8747803617786723e-07,-4.2881310946540907
-3.8745303647830891e-07,-4.2841207914534607
-3.874280367787506e-07,-4.2432716895746125
-3.8740303707919228e-07,-4.2488338181101426
-3.8737803737963396e-07,-4.2208171180391219
-3.8735303768007565e-07,-4.2055646076732955
-3.8732803798051733e-07,-4.2065721572726034
-3.8730303828095902e-07,-4.1691293972689891
-3.872780385814007e-07,-4.1270936890214216
-3.8725303888184239e-07,-4.138306053391716
-3.8722803918228407e-07,-4.1348798163198808
-3.8720303948272576e-07,-4.0943334056464664
-3.8717803978316744e-07,-4.090682637070131
-3.8715304008360913e-07,-4.0777649701340124
-3.8712804038405081e-07,-4.0479505969415186
-3.8710304068449249e-07,-4.0422463598588365
-3.8707804098493418e-07,-4.0319520167031442
-3.8705304128537586e-07,-4.0248011146104545
-3.8702804158581755e-07,-3.9956248087946733
-3.8700304188625923e-07,-3.9859202161096619
-3.8697804218670092e-07,-3.9668492490818608
-3.869530424871426e-07,-3.9377340499413549
-3.8692804278758429e-07,-3.9414970842699404
-3.8690304308802597e-07,-3.9215905189848854
-3.8687804338846766e-07,-3.9044934396770259
-3.8685304368890934e-07,-3.8949863778725557
-3.8682804398935102e-07,-3.8703518612237531
-3.8680304428979271e-07,-3.8724465412087739
-3.8677804459023439e-07,-3.8352254705387168
-3.8675304489067608e-07,-3.8329304175022116
-3.8672804519111776e-07,-3.8185859807526867
-3.8670304549155945e-07,-3.813887872183841
-3.8667804579200113e-07,-3.7826737298018998
-3.8665304609244282e-07,-3.7625369486704585
-3.866280463928845e-07,-3.7557015275524464
-3.8660304669332619e-07,-3.7312048561943811
-3.8657804699376787e-07,-3.7461305169017578
-3.8655304729420955e-07,-3.7165435173847072
-3.8652804759465124e-07,-3.6955128734916798
-3.8650304789509292e-07,-3.6895301036565797
-3.8647804819553461e-07,-3.6852156881650444
-3.8645304849597629e-07,-3.6404870229489461
-3.8642804879641798e-07,-3.6465920061345969
-3.8640304909685966e-07,-3.6429440797292045
-3.8637804939730135e-07,-3.608680287925381
-3.8635304969774303e-07,-3.6152954407953075
-3.8632804999818472e-07,-3.5884667681784777
-3.863030502986264e-07,-3.5478834092828038
-3.8627805059906808e-07,-3.5664257325151993
-3.8625305089950977e-07,-3.5394421615819738
-3.8622805119995145e-07,-3.5485982152749784
-3.8620305150039314e-07,-3.5235117934462323
-3.8617805180083482e-07,-3.512059265631251
-3.8615305210127651e-07,-3.5006664234060736
-3.8612805240171819e-07,-3.4888543609667977
-3.8610305270215988e-07,-3.4688582672970369
-3.8607805300260156e-07,-3.4645594837456883
-3.8605305330304325e-07,-3.4471469234631513
-3.8602805360348493e-07,-3.4351145927757898
-3.8600305390392661e-07,-3.4368568435638736
-3.859780542043683e-07,-3.3993998727055441
-3.8595305450480998e-07,-3.397140346805827
-3.8592805480525167e-07,-3.3886507821989653
-3.8590305510569335e-07,-3.401716242024122
-3.8587805540613504e-07,-3.3702789892231522
-3.8585305570657672e-07,-3.3494188755867071
-3.8582805600701841e-07,-3.3374277563780197
-3.8580305630746009e-07,-3.3447889791204943
-3.8577805660790178e-07,-3.3169058610837965
-3.8575305690834346e-07,-3.3034737612069875
-3.8572805720878514e-07,-3.2841953157003445
-3.8570305750922683e-07,-3.2815350436976587
-3.8567805780966851e-07,-3.2757782264525304
-3.856530581101102e-07,-3.2634901003802952
-3.8562805841055188e-07,-3.2397025506725186
-3.8560305871099357e-07,-3.2299197982865735
-3.8557805901143525e-07,-3.2053961263045494
-3.8555305931187694e-07,-3.2080151868285611
-3.8552805961231862e-07,-3.1886358442534402
-3.8550305991276031e-07,-3.1718727200313879
-3.8547806021320199e-07,-3.1822821711102733
-3.8545306051364367e-07,-3.1512712439507595
-3.8542806081408536e-07,-3.1527719102086849
-3.8540306111452704e-07,-3.1165583891379356
-3.8537806141496873e-07,-3.145778748603334
-3.8535306171541041e-07,-3.112609192612581
-3.853280620158521e-07,-3.0847104426356964
-3.8530306231629378e-07,-3.1065241046235315
-3.8527806261673547e-07,-3.0795050065535179
-3.8525306291717715e-07,-3.072864274145104
-3.8522806321761884e-07,-3.0760546110286668
-3.8520306351806052e-07,-3.0678464213451662
-3.851780638185022e-07,-3.0351557711583155
-3.8515306411894389e-07,-3.0414341267714917
-3.8512806441938557e-07,-3.0228505920604221
-3.8510306471982726e-07,-3.0324912358992151
-3.8507806502026894e-07,-2.9910012244727113
-3.8505306532071063e-07,-3.0129527317512839
-3.8502806562115231e-07,-2.9702135861953138
-3.85003065921594e-07,-2.9624459330079844
-3.8497806622203568e-07,-2.9717995175815304
-3.8495306652247737e-07,-2.9512676746890065
-3.8492806682291905e-07,-2.9277899216140213
-3.8490306712336073e-07,-2.9115682309566182
-3.8487806742380242e-07,-2.9268861112541344
-3.848530677242441e-07,-2.9169513027227367
-3.8482806802468579e-07,-2.9080808872095076
-3.8480306832512747e-07,-2.8908061722177081
-3.8477806862556916e-07,-2.886612548991252
-3.8475306892601084e-07,-2.8761547810063348
-3.8472806922645253e-07,-2.8766791615453258
-3.8470306952689421e-07,-2.8765910542460915
-3.8467806982733589e-07,-2.8537016305563156
-3.8465307012777758e-07,-2.829810341609118
-3.8462807042821926e-07,-2.8434101295715664
-3.8460307072866095e-07,-2.7882123276867787
-3.8457807102910263e-07,-2.7686354542311165
-3.8455307132954432e-07,-2.787139408155781
-3.84528071629986e-07,-2.7871621455233253
-3.8450307193042769e-07,-2.7908043875868316
-3.8447807223086937e-07,-2.7636673394226818
-3.8445307253131106e-07,-2.7652390599541832
-3.8442807283175274e-07,-2.7490813181429985
-3.8440307313219442e-07,-2.7360258059161424
-3.8437807343263611e-07,-2.7006876734958496
-3.8435307373307779e-07,-2.7082108999820775
-3.8432807403351948e-07,-2.7092852405985468
-3.8430307433396116e-07,-2.6994726454176998
-3.8427807463440285e-07,-2.6925931706500705
-3.8425307493484453e-07,-2.6701243882598646
-3.8422807523528622e-07,-2.6681149734031351
-3.842030755357279e-07,-2.6460298840902396
-3.8417807583616959e-07,-2.646268626449455
-3.8415307613661127e-07,-2.655941955254093
-3.8412807643705295e-07,-2.620551242671354
-3.8410307673749464e-07,-2.6267969133186853
-3.8407807703793632e-07,-2.6441739464644343
-3.8405307733837801e-07,-2.620974726141867
-3.8402807763881969e-07,-2.5924606461558142
-3.8400307793926138e-07,-2.577077395926608
-3.8397807823970306e-07,-2.5752129317879735
-3.8395307854014475e-07,-2.5803572611948766
-3.8392807884058643e-07,-2.5683675630716607
-3.8390307914102812e-07,-2.5620977339713136
-3.838780794414698e-07,-2.5484609977866057
-3.8385307974191148e-07,-2.5402201231372601
-3.8382808004235317e-07,-2.5264697001148306
-3.8380308034279485e-07,-2.5525764613121282
-3.8377808064323654e-07,-2.5137069314951077
-3.8375308094367822e-07,-2.5025599370565033
-3.8372808124411991e-07,-2.4905332907110278
-3.8370308154456159e-07,-2.4859730274329195
-3.8367808184500328e-07,-2.4767288664406806
-3.8365308214544496e-07,-2.4735669512665481
-3.8362808244588665e-07,-2.4605597559457237
-3.8360308274632833e-07,-2.4523274078092072
-3.8357808304677001e-07,-2.4291935574183299
-3.835530833472117e-07,-2.431139023428841
-3.8352808364765338e-07,-2.4503222562088922
-3.8350308394809507e-07,-2.4103314899548423
-3.8347808424853675e-07,-2.4210223159570887
-3.8345308454897844e-07,-2.4075106352938747
-3.8342808484942012e-07,-2.4063822934294876
-3.8340308514986181e-07,-2.3848087948863395
-3.8337808545030349e-07,-2.4083675498332013
-3.8335308575074518e-07,-2.4033326440076053
-3.8332808605118686e-07,-2.3759795908517845
-3.8330308635162854e-07,-2.3804162196938705
-3.8327808665207023e-07,-2.3392459524984588
-3.8325308695251191e-07,-2.3420184902533947
-3.832280872529536e-07,-2.3232971102515876
-3.8320308755339528e-07,-2.3384629344036512
-3.8317808785383697e-07,-2.3383407210531004
-3.8315308815427865e-07,-2.3167928020484396
-3.8312808845472034e-07,-2.3127796566768666
-3.8310308875516202e-07,-2.3091644152373192
-3.8307808905560371e-07,-2.2906888830220851
-3.8305308935604539e-07,-2.2880698224980733
-3.8302808965648707e-07,-2.291245948526921
-3.8300308995692876e-07,-2.2730446858076903
-3.8297809025737044e-07,-2.2620014306085068
-3.8295309055781213e-07,-2.2478346295429219
-3.8292809085825381e-07,-2.2536084998137085
-3.829030911586955e-07,-2.239156060568348
-3.8287809145913718e-07,-2.243832852855121
-3.8285309175957887e-07,-2.2406965172194759
-3.8282809206002055e-07,-2.2370358010448399
-3.8280309236046224e-07,-2.2267883537097077
-3.8277809266090392e-07,-2.1869141164643224
-3.827530929613456e-07,-2.2131999344310316
-3.8272809326178729e-07,-2.1895814938943658
-3.8270309356222897e-07,-2.1744867240158783
-3.8267809386267066e-07,-2.1866384258828475
-3.8265309416311234e-07,-2.1767348812318232
-3.8262809446355403e-07,-2.164544810057123
-3.8260309476399571e-07,-2.1551628037741466
-3.825780950644374e-07,-2.1509208636416588
-3.8255309536487908e-07,-2.134262899744499
-3.8252809566532077e-07,-2.1546881612266588
-3.8250309596576245e-07,-2.1284705553625827
-3.8247809626620413e-07,-2.1271048922244518
-3.8245309656664582e-07,-2.1240637693153985
-3.824280968670875e-07,-2.1302540176293405
-3.8240309716752919e-07,-2.1185044829508115
-3.8237809746797087e-07,-2.1043675246801286
-3.8235309776841256e-07,-2.1104909819769091
-3.8232809806885424e-07,-2.0925284616168938
-3.8230309836929593e-07,-2.0909936893076519
-3.8227809866973761e-07,-2.064197701656667
-3.822530989701793e-07,-2.0917852339152887
-3.8222809927062098e-07,-2.0562225699904957
-3.8220309957106266e-07,-2.0659172150772065
-3.8217809987150435e-07,-2.0670185563176346
-3.8215310017194603e-07,-2.0539800971164368
-3.8212810047238772e-07,-2.0321024862823833
-3.821031007728294e-07,-2.0171626147202915
-3.8207810107327109e-07,-2.0425673596946581
-3.8205310137371277e-07,-2.0236612385815533
-3.8202810167415446e-07,-2.0245522591721965
-3.8200310197459614e-07,-2.0031649228258175
-3.8197810227503783e-07,-2.0043117388013343
-3.8195310257547951e-07,-2.0172009840280225
-3.8192810287592119e-07,-1.9831873032671865
-3.8190310317636288e-07,-1.9906934767277562
-3.8187810347680456e-07,-1.975941188447905
-3.8185310377724625e-07,-1.995424270262447
-3.8182810407768793e-07,-1.9573633380787214
-3.8180310437812962e-07,-1.9731288602997665
-3.817781046785713e-07,-1.9384202687433572
-3.8175310497901299e-07,-1.9551237073756056
-3.8172810527945467e-07,-1.9468870959826745
-3.8170310557989636e-07,-1.971054075511347
-3.8167810588033804e-07,-1.9229389636166161
-3.8165310618077972e-07,-1.9280705032542755
-3.8162810648122141e-07,-1.9129018369312689
-3.8160310678166309e-07,-1.9161078057550185
-3.8157810708210478e-07,-1.9030295561606181
-3.8155310738254646e-07,-1.9074846591138339
-3.8152810768298815e-07,-1.8823470782081131
-3.8150310798342983e-07,-1.8896017195402237
-3.8147810828387152e-07,-1.8851466165870079
-3.814531085843132e-07,-1.8770563769976434
-3.8142810888475489e-07,-1.896729884265369
-3.8140310918519657e-07,-1.8639823906596575
-3.8137810948563825e-07,-1.8678719015952083
-3.8135310978607994e-07,-1.8612979602039559
-3.8132811008652162e-07,-1.8563312664809928
-3.8130311038696331e-07,-1.8541470581112662
-3.8127811068740499e-07,-1.8377448895989801
-3.8125311098784668e-07,-1.8316143268748419
-3.8122811128828836e-07,-1.8395653000879975
-3.8120311158873005e-07,-1.8119123978976859
-3.8117811188917173e-07,-1.8237400922771485
-3.8115311218961342e-07,-1.8170283055951586
-3.811281124900551e-07,-1.8066174334308016
-3.8110311279049678e-07,-1.8022603853751207
-3.8107811309093847e-07,-1.8094098663823388
-3.8105311339138015e-07,-1.8078111452268786
-3.8102811369182184e-07,-1.7882996417029062
-3.8100311399226352e-07,-1.7840420696302317
-3.8097811429270521e-07,-1.7667417750999448
-3.8095311459314689e-07,-1.7776656591195206
-3.8092811489358858e-07,-1.7698042142910708
-3.8090311519403026e-07,-1.7575331412444939
-3.8087811549447195e-07,-1.7419353071090882
-3.8085311579491363e-07,-1.7572261867826455
-3.8082811609535531e-07,-1.763770285378996
-3.80803116395797e-07,-1.7333150026388466
-3.8077811669623868e-07,-1.7310739508502593
-3.8075311699668037e-07,-1.7229780269190087
-3.8072811729712205e-07,-1.7245923800146556
-3.8070311759756374e-07,-1.7294311760451819
-3.8067811789800542e-07,-1.7058908952094498
-3.8065311819844711e-07,-1.6894603049877333
-3.8062811849888879e-07,-1.7040463262674166
-3.8060311879933048e-07,-1.696545837148733
-3.8057811909977216e-07,-1.6816443348943722
-3.8055311940021384e-07,-1.6818589188005717
-3.8052811970065553e-07,-1.7018251696754305
-3.8050312000109721e-07,-1.6702770722076821
-3.804781203015389e-07,-1.6685319792486553
-3.8045312060198058e-07,-1.6724698070902377
-3.8042812090242227e-07,-1.6490872667418444
-3.8040312120286395e-07,-1.6689540416336968
-3.8037812150330564e-07,-1.643893199343438
-3.8035312180374732e-07,-1.6613881825833232
-3.80328122104189e-07,-1.6498290733579779
-3.8030312240463069e-07,-1.6269225966425438
-3.8027812270507237e-07,-1.6188593576771382
-3.8025312300551406e-07,-1.6476619180139096
-3.8022812330595574e-07,-1.6255128798547958
-3.8020312360639743e-07,-1.6116132428578567
-3.8017812390683911e-07,-1.6345637732229079
-3.801531242072808e-07,-1.6075631492640241
-3.8012812450772248e-07,-1.634569457564794
-3.8010312480816417e-07,-1.6189304119507142
-3.8007812510860585e-07,-1.5794640262356552
-3.8005312540904753e-07,-1.6077137843240052
-3.8002812570948922e-07,-1.5921187923595426
-3.800031260099309e-07,-1.580222885877447
-3.7997812631037259e-07,-1.5997983382476377
-3.7995312661081427e-07,-1.5713808920736483
-3.7992812691125596e-07,-1.5703804479016981
-3.7990312721169764e-07,-1.5908668160591333
-3.7987812751213933e-07,-1.5512995332755963
-3.7985312781258101e-07,-1.5521649743277521
-3.798281281130227e-07,-1.559578777232673
-3.7980312841346438e-07,-1.5391933061437157
-3.7977812871390606e-07,-1.542234429052769
-3.7975312901434775e-07,-1.5313105450331932
-3.7972812931478943e-07,-1.5573405676150287
-3.7970312961523112e-07,-1.5361209193542891
-3.796781299156728e-07,-1.5328197378039476
-3.7965313021611449e-07,-1.5209693060569407
-3.7962813051655617e-07,-1.5194657976280723
-3.7960313081699786e-07,-1.5088431837284588
-3.7957813111743954e-07,-1.4945030102353485
-3.7955313141788123e-07,-1.5119596241675026
-3.7952813171832291e-07,-1.488207601596514
-3.7950313201876459e-07,-1.4862393982184585
-3.7947813231920628e-07,-1.4805380033067195
-3.7945313261964796e-07,-1.4834796502327663
-3.7942813292008965e-07,-1.4835492834208708
-3.7940313322053133e-07,-1.4849391050120175
-3.7937813352097302e-07,-1.4977757700762595
-3.793531338214147e-07,-1.4728726682733395
-3.7932813412185639e-07,-1.4851323726361443
-3.7930313442229807e-07,-1.4542465009981242
-3.7927813472273976e-07,-1.4505104672934976
-3.7925313502318144e-07,-1.461121712509339
-3.7922813532362312e-07,-1.4393421565728204
-3.7920313562406481e-07,-1.4397784298125771
-3.7917813592450649e-07,-1.4345673093885125
-3.7915313622494818e-07,-1.4401791759155458
-3.7912813652538986e-07,-1.4266532843976165
-3.7910313682583155e-07,-1.4359287092702289
-3.7907813712627323e-07,-1.4248769275582163
-3.7905313742671492e-07,-1.428446694262675
-3.790281377271566e-07,-1.4267797610045818
-3.7900313802759829e-07,-1.4170055351314659
-3.7897813832803997e-07,-1.40902614020888
-3.7895313862848165e-07,-1.3886008787267201
-3.7892813892892334e-07,-1.4014091220815317
-3.7890313922936502e-07,-1.3831126466357091
-3.7887813952980671e-07,-1.3931085618423822
-3.7885313983024839e-07,-1.3978137758385856
-3.7882814013069008e-07,-1.4015668625688704
-3.7880314043113176e-07,-1.3792927688882628
-3.7877814073157345e-07,-1.3851391145180969
-3.7875314103201513e-07,-1.3841599866282195
-3.7872814133245682e-07,-1.3745165006184834
-3.787031416328985e-07,-1.3703214563065558
-3.7867814193334018e-07,-1.3625779615722422
-3.7865314223378187e-07,-1.364921331514779
-3.7862814253422355e-07,-1.3615249372378457
-3.7860314283466524e-07,-1.3675290233550186
-3.7857814313510692e-07,-1.3585463420895394
-3.7855314343554861e-07,-1.3498052453542186
-3.7852814373599029e-07,-1.3402598142420175
-3.7850314403643198e-07,-1.3480942584465083
-3.7847814433687366e-07,-1.3529600551009935
-3.7845314463731535e-07,-1.3436434187497071
-3.7842814493775703e-07,-1.3359212402974663
-3.7840314523819871e-07,-1.3408751442511857
-3.783781455386404e-07,-1.326014853475499
-3.7835314583908208e-07,-1.3389183095569024
-3.7832814613952377e-07,-1.3072821047899197
-3.7830314643996545e-07,-1.3127007036928262
-3.7827814674040714e-07,-1.3162804179955856
-3.7825314704084882e-07,-1.305089369907364
-3.7822814734129051e-07,-1.316305997534073
-3.7820314764173219e-07,-1.2824600048588763
-3.7817814794217388e-07,-1.3133586662661401
-3.7815314824261556e-07,-1.278178274333186
-3.7812814854305724e-07,-1.2789911352228955
-3.7810314884349893e-07,-1.2789399761459208
-3.7807814914394061e-07,-1.2780603242390498
-3.780531494443823e-07,-1.2821374184568413
-3.7802814974482398e-07,-1.2809422855752928
-3.7800315004526567e-07,-1.2500336765697284
-3.7797815034570735e-07,-1.264565696601494
-3.7795315064614904e-07,-1.2713002206510282
-3.7792815094659072e-07,-1.2742120247821731
-3.7790315124703241e-07,-1.2601830690073257
-3.7787815154747409e-07,-1.2529710602393607
-3.7785315184791577e-07,-1.234423052665079
-3.7782815214835746e-07,-1.2476235156100302
-3.7780315244879914e-07,-1.2541946148303396
-3.7777815274924083e-07,-1.2602484389390156
-3.7775315304968251e-07,-1.2566303553285252
-3.777281533501242e-07,-1.2237208579790604
-3.7770315365056588e-07,-1.2247198810655391
-3.7767815395100757e-07,-1.2181843089820177
-3.7765315425144925e-07,-1.2217100220368593
-3.7762815455189094e-07,-1.2392661119520199
-3.7760315485233262e-07,-1.2209866895318555
-3.775781551527743e-07,-1.2129717674724816
-3.7755315545321599e-07,-1.2017707717859594
-3.7752815575365767e-07,-1.1953545708820457
-3.7750315605409936e-07,-1.2235574331498356
-3.7747815635454104e-07,-1.1989115478172607
-3.7745315665498273e-07,-1.1881454042850237
-3.7742815695542441e-07,-1.198617383124656
-3.774031572558661e-07,-1.1849039083244861
-3.7737815755630778e-07,-1.1798519494732318
-3.7735315785674947e-07,-1.1906152508345258
-3.7732815815719115e-07,-1.1881695627380395
-3.7730315845763283e-07,-1.1748994666049839
-3.7727815875807452e-07,-1.1671190236484108
-3.772531590585162e-07,-1.1646406505860796
-3.7722815935895789e-07,-1.1775242114708817
-3.7720315965939957e-07,-1.1936904797948955
-3.7717815995984126e-07,-1.1528712207109493
-3.7715316026028294e-07,-1.144726979873667
-3.7712816056072463e-07,-1.1537650834725355
-3.7710316086116631e-07,-1.1613934702836559
-3.77078161161608e-07,-1.1392927490305738
-3.7705316146204968e-07,-1.1427161439314659
-3.7702816176249136e-07,-1.1251103160248022
-3.7700316206293305e-07,-1.1375647090972052
-3.7697816236337473e-07,-1.1450978831817338
-3.7695316266381642e-07,-1.1166108038196398
-3.769281629642581e-07,-1.1238952879466524
-3.7690316326469979e-07,-1.1317823123135895
-3.7687816356514147e-07,-1.1194941862413543
-3.7685316386558316e-07,-1.1292314638922107
-3.7682816416602484e-07,-1.1157766266478575
-3.7680316446646653e-07,-1.1166036983922822
-3.7677816476690821e-07,-1.1203852068319975
-3.7675316506734989e-07,-1.1165013802383328
-3.7672816536779158e-07,-1.1091231044701999
-3.7670316566823326e-07,-1.1027950108655205
-3.7667816596867495e-07,-1.080887557236565
-3.7665316626911663e-07,-1.0953812079605996
-3.7662816656955832e-07,-1.0982802223225008
-3.7660316687e-07,-1.1036377145501319
-3.7657816717044169e-07,-1.0903335123657598
-3.7655316747088337e-07,-1.0679613637876173
-3.7652816777132506e-07,-1.0844985354196979
-3.7650316807176674e-07,-1.0755456969491206
-3.7647816837220842e-07,-1.0875297107304505
-3.7645316867265011e-07,-1.0735320188359765
-3.7642816897309179e-07,-1.0584003007352294
-3.7640316927353348e-07,-1.0692460250538716
-3.7637816957397516e-07,-1.0682143170015479
-3.7635316987441685e-07,-1.0668344430087018
-3.7632817017485853e-07,-1.0734638067333435
-3.7630317047530022e-07,-1.0480448509042617
-3.762781707757419e-07,-1.0687571716516686
-3.7625317107618359e-07,-1.0474082046130206
-3.7622817137662527e-07,-1.0762192914626212
-3.7620317167706695e-07,-1.0527500649004651
-3.7617817197750864e-07,-1.0393165439381846
-3.7615317227795032e-07,-1.0412591677777527
-3.7612817257839201e-07,-1.0327767085982487
-3.7610317287883369e-07,-1.0244718851026846
-3.7607817317927538e-07,-1.0317251053493237
-3.7605317347971706e-07,-1.0371934422437334
-3.7602817378015875e-07,-1.0111619985764264
-3.7600317408060043e-07,-1.0260066574119264
-3.7597817438104212e-07,-1.0140993822460587
-3.759531746814838e-07,-1.0156369967262435
-3.7592817498192548e-07,-1.0138521133740142
-3.7590317528236717e-07,-0.99891366289739381
-3.7587817558280885e-07,-1.0134726835531183
-3.7585317588325054e-07,-0.99613117754415725
-3.7582817618369222e-07,-1.0059565624942479
-3.7580317648413391e-07,-0.99374659612294636
-3.7577817678457559e-07,-0.9960501756722806
-3.7575317708501728e-07,-0.97582244507066207
-3.7572817738545896e-07,-0.97494705642020563
-3.7570317768590064e-07,-0.98518597724250867
-3.7567817798634233e-07,-0.98196437647857238
-3.7565317828678401e-07,-0.9896837127598701
-3.756281785872257e-07,-1.000334748368914
-3.7560317888766738e-07,-0.98659569403025671
-3.7557817918810907e-07,-0.97531653864280088
-3.7555317948855075e-07,-0.98298755801806692
-3.7552817978899244e-07,-0.98318935215502279
-3.7550318008943412e-07,-0.98113446256320458
-3.7547818038987581e-07,-0.96317904763054685
-3.7545318069031749e-07,-0.96652854608691996
-3.7542818099075917e-07,-0.96725756293380982
-3.7540318129120086e-07,-0.98196295539310086
-3.7537818159164254e-07,-0.96419512374268379
-3.7535318189208423e-07,-0.96924139825205202
-3.7532818219252591e-07,-0.96614485300960951
-3.753031824929676e-07,-0.96382706260556006
-3.7527818279340928e-07,-0.96963788109860616
-3.7525318309385097e-07,-0.96632248869354953
-3.7522818339429265e-07,-0.94791801075189142
-3.7520318369473434e-07,-0.94958636509545613
-3.7517818399517602e-07,-0.94553485041615204
-3.751531842956177e-07,-0.9395662914357672
-3.7512818459605939e-07,-0.92896073056181194
-3.7510318489650107e-07,-0.93056939931557281
-3.7507818519694276e-07,-0.94795638005962246
-3.7505318549738444e-07,-0.93682785973214777
-3.7502818579782613e-07,-0.92452125954878284
-3.7500318609826781e-07,-0.9102379294745333
-3.749781863987095e-07,-0.9110607379625435
-3.7495318669915118e-07,-0.90226990323571954
-3.7492818699959287e-07,-0.91424254833327723
-3.7490318730003455e-07,-0.92078238367321319
-3.7487818760047623e-07,-0.90881115966112702
-3.7485318790091792e-07,-0.90880547531924094
-3.748281882013596e-07,-0.89720941787163611
-3.7480318850180129e-07,-0.90518739170875051
-3.7477818880224297e-07,-0.91158227633059141
-3.7475318910268466e-07,-0.91731067186628934
-3.7472818940312634e-07,-0.88376310714011197
-3.7470318970356803e-07,-0.89795975100059877
-3.7467819000400971e-07,-0.86829032852620003
-3.746531903044514e-07,-0.89940215275419177
-3.7462819060489308e-07,-0.87834877149362001
-3.7460319090533476e-07,-0.89203240349888802
-3.7457819120577645e-07,-0.8712291332813038
-3.7455319150621813e-07,-0.88531777464595507
-3.7452819180665982e-07,-0.88293177213927265
-3.745031921071015e-07,-0.88275129428438959
-3.7447819240754319e-07,-0.89352596432945575
-3.7445319270798487e-07,-0.87161851070050034
-3.7442819300842656e-07,-0.87893425870788633
-3.7440319330886824e-07,-0.86743767724328791
-3.7437819360930993e-07,-0.86084241956996266
-3.7435319390975161e-07,-0.87226084133362747
-3.7432819421019329e-07,-0.84183398030290846
-3.7430319451063498e-07,-0.85933180571373668
-3.7427819481107666e-07,-0.84020399526707479
-3.7425319511151835e-07,-0.85175315689411946
-3.7422819541196003e-07,-0.8530719242116902
-3.7420319571240172e-07,-0.85510976077785017
-3.741781960128434e-07,-0.82917779309354955
-3.7415319631328509e-07,-0.83043687482131645
-3.7412819661372677e-07,-0.84247488985056407
-3.7410319691416846e-07,-0.83181816989963409
-3.7407819721461014e-07,-0.84791196286460035
-3.7405319751505182e-07,-0.84359328411665047
-3.7402819781549351e-07,-0.83439601894497173
-3.7400319811593519e-07,-0.81922451045102207
-3.7397819841637688e-07,-0.8370463433493569
-3.7395319871681856e-07,-0.8361595860151283
-3.7392819901726025e-07,-0.83087456914654467
-3.7390319931770193e-07,-0.8338872703461675
-3.7387819961814362e-07,-0.82349060903652571
-3.738531999185853e-07,-0.83087172697560163
-3.7382820021902699e-07,-0.81417965702712536
-3.7380320051946867e-07,-0.80827646797843045
-3.7377820081991035e-07,-0.81599154100331361
-3.7375320112035204e-07,-0.82902147369168233
-3.7372820142079372e-07,-0.82349771446388331
-3.7370320172123541e-07,-0.8207180712815898
-3.7367820202167709e-07,-0.79199651281669503
-3.7365320232211878e-07,-0.80111561828744016
-3.7362820262256046e-07,-0.80169400007434888
-3.7360320292300215e-07,-0.81538473750697449
-3.7357820322344383e-07,-0.8082594149527722
-3.7355320352388552e-07,-0.80758297826832859
-3.735282038243272e-07,-0.76407076221585157
-3.7350320412476888e-07,-0.76842638918606099
-3.7347820442521057e-07,-0.78630506550325663
-3.7345320472565225e-07,-0.8008512963897374
-3.7342820502609394e-07,-0.76303621199258487
-3.7340320532653562e-07,-0.7693557790844352
-3.7337820562697731e-07,-0.79014625953277573
-3.7335320592741899e-07,-0.76677366678268299
-3.7332820622786068e-07,-0.76850739105793764
-3.7330320652830236e-07,-0.77681931998085929
-3.7327820682874405e-07,-0.76139627935845056
-3.7325320712918573e-07,-0.75510229180508759
-3.7322820742962741e-07,-0.75706623192672851
-3.732032077300691e-07,-0.76432371542978217
-3.7317820803051078e-07,-0.77784392260582536
-3.7315320833095247e-07,-0.75570625313048367
-3.7312820863139415e-07,-0.74946484573956695
-3.7310320893183584e-07,-0.76015567174181342
-3.7307820923227752e-07,-0.76198602982913144
-3.7305320953271921e-07,-0.76562827189263771
-3.7302820983316089e-07,-0.76398976034397492
-3.7300321013360258e-07,-0.75179400482738856
-3.7297821043404426e-07,-0.75459780646269792
-3.7295321073448594e-07,-0.7558909942417813
-3.7292821103492763e-07,-0.7503615506720962
-3.7290321133536931e-07,-0.74858803600363899
-3.72878211635811e-07,-0.73334973649252788
-3.7285321193625268e-07,-0.72828072461561533
-3.7282821223669437e-07,-0.73318346949236002
-3.7280321253713605e-07,-0.72628267844265793
-3.7277821283757774e-07,-0.71771637522033416
-3.7275321313801942e-07,-0.73608106276878971
-3.7272821343846111e-07,-0.74378192493895767
-3.7270321373890279e-07,-0.72460437650079257
-3.7267821403934447e-07,-0.7399989954137709
-3.7265321433978616e-07,-0.73070651751550031
-3.7262821464022784e-07,-0.75192616577623994
-3.7260321494066953e-07,-0.7268084800671204
-3.7257821524111121e-07,-0.7093618137332669
-3.725532155415529e-07,-0.73114136966978549
-3.7252821584199458e-07,-0.71129306888906285
-3.7250321614243627e-07,-0.72589330102346139
-3.7247821644287795e-07,-0.72815140583770699
-3.7245321674331964e-07,-0.72958528107847087
-3.7242821704376132e-07,-0.71069194973460981
-3.72403217344203e-07,-0.69617271947208792
-3.7237821764464469e-07,-0.71881771646076231
-3.7235321794508637e-07,-0.6829523613305355
-3.7232821824552806e-07,-0.71018320113580558
-3.7230321854596974e-07,-0.68216650106478482
-3.7227821884641143e-07,-0.69875909503025468
-3.7225321914685311e-07,-0.68648517981273471
-3.722282194472948e-07,-0.69768617549925693
-3.7220321974773648e-07,-0.68560268573492067
-3.7217822004817817e-07,-0.69288006443457562
-3.7215322034861985e-07,-0.67148988591725356
-3.7212822064906153e-07,-0.6846974542895623
-3.7210322094950322e-07,-0.68706214051417192
-3.720782212499449e-07,-0.68767604943786864
-3.7205322155038659e-07,-0.69784960032848176
-3.7202822185082827e-07,-0.69307475314417388
-3.7200322215126996e-07,-0.67017964511251193
-3.7197822245171164e-07,-0.68105379114058451
-3.7195322275215333e-07,-0.68468750669126166
-3.7192822305259501e-07,-0.67250880420033354
-3.719032233530367e-07,-0.6578659395017894
-3.7187822365347838e-07,-0.64987091263901675
-3.7185322395392006e-07,-0.65890759515241371
-3.7182822425436175e-07,-0.67156946670365869
-3.7180322455480343e-07,-0.68361174498932087
-3.7177822485524512e-07,-0.64942753397190245
-3.717532251556868e-07,-0.65980998442682903
-3.7172822545612849e-07,-0.65416685401942232
-3.7170322575657017e-07,-0.66233099005330587
-3.7167822605701186e-07,-0.65790004555310588
-3.7165322635745354e-07,-0.64887899497989565
-3.7162822665789523e-07,-0.64408709476992954
-3.7160322695833691e-07,-0.64693210788391298
-3.7157822725877859e-07,-0.66389844732839265
-3.7155322755922028e-07,-0.65249281533397152
-3.7152822785966196e-07,-0.62287739410749055
-3.7150322816010365e-07,-0.63976983710745117
-3.7147822846054533e-07,-0.6530470386678644
-3.7145322876098702e-07,-0.62307776715897489
-3.714282290614287e-07,-0.63579079778719461
-3.7140322936187039e-07,-0.63227787450159667
-3.7137822966231207e-07,-0.64366787455583108
-3.7135322996275375e-07,-0.62512981457985006
-3.7132823026319544e-07,-0.61556733044199063
-3.7130323056363712e-07,-0.63402296746062348
-3.7127823086407881e-07,-0.62333072037290549
-3.7125323116452049e-07,-0.6157691245789465
-3.7122823146496218e-07,-0.61561564734802232
-3.7120323176540386e-07,-0.59387303963376326
-3.7117823206584555e-07,-0.62092908592603635
-3.7115323236628723e-07,-0.61237415138748474
-3.7112823266672892e-07,-0.59284133158143959
-3.711032329671706e-07,-0.63026561747392407
-3.7107823326761228e-07,-0.62520513210984063
-3.7105323356805397e-07,-0.60934439716220368
-3.7102823386849565e-07,-0.61706373344350141
-3.7100323416893734e-07,-0.60370268784026848
-3.7097823446937902e-07,-0.61156981701060431
-3.7095323476982071e-07,-0.5951633852419036
-3.7092823507026239e-07,-0.60658749134745449
-3.7090323537070408e-07,-0.58626170584830106
-3.7087823567114576e-07,-0.59480953495949507
-3.7085323597158745e-07,-0.580699577312771
-3.7082823627202913e-07,-0.59524012385736569
-3.7080323657247081e-07,-0.5960643534308474
-3.707782368729125e-07,-0.59369398286435171
-3.7075323717335418e-07,-0.58784337397810305
-3.7072823747379587e-07,-0.59393840956545318
-3.7070323777423755e-07,-0.60398690493457252
-3.7067823807467924e-07,-0.5771397582066129
-3.7065323837512092e-07,-0.58739146879815962
-3.7062823867556261e-07,-0.57538471764928545
-3.7060323897600429e-07,-0.56789133395795943
-3.7057823927644598e-07,-0.59527849316509673
-3.7055323957688766e-07,-0.57162026223522844
-3.7052823987732934e-07,-0.56976432460942306
-3.7050324017777103e-07,-0.59733338275691494
-3.7047824047821271e-07,-0.586081227993418
-3.704532407786544e-07,-0.5987374152027769
-3.7042824107909608e-07,-0.58903140143229393
-3.7040324137953777e-07,-0.59495448567759013
-3.7037824167997945e-07,-0.55724456160533009
-3.7035324198042114e-07,-0.57091540384135442
-3.7032824228086282e-07,-0.5603055797109846
-3.7030324258130451e-07,-0.59329607893232605
-3.7027824288174619e-07,-0.5911957146054192
-3.7025324318218787e-07,-0.56099906942108646
-3.7022824348262956e-07,-0.55233186913028476
-3.7020324378307124e-07,-0.55948561339391745
-3.7017824408351293e-07,-0.55908913054736331
-3.7015324438395461e-07,-0.55046314173523569
-3.701282446843963e-07,-0.55195386039486038
-3.7010324498483798e-07,-0.54347566447177087
-3.7007824528527967e-07,-0.54009490213502431
-3.7005324558572135e-07,-0.54267701443677652
-3.7002824588616304e-07,-0.55307225466094678
-3.7000324618660472e-07,-0.56010094340308569
-3.699782464870464e-07,-0.55567284107382875
-3.6995324678748809e-07,-0.58163323046755977
-3.6992824708792977e-07,-0.55950550859051873
-3.6990324738837146e-07,-0.53475588401852292
-3.6987824768881314e-07,-0.56123923286577337
-3.6985324798925483e-07,-0.54401851912189159
-3.6982824828969651e-07,-0.56086975064317812
-3.698032485901382e-07,-0.5392848834162578
-3.6977824889057988e-07,-0.51716568805204588
-3.6975324919102157e-07,-0.54094755341793643
-3.6972824949146325e-07,-0.55307793900283286
-3.6970324979190493e-07,-0.53020556833871524
-3.6967825009234662e-07,-0.53686761702920194
-3.696532503927883e-07,-0.51534243539208546
-3.6962825069322999e-07,-0.53152859891270055
-3.6960325099367167e-07,-0.53212119155432447
-3.6957825129411336e-07,-0.52248765314288903
-3.6955325159455504e-07,-0.5387576607063238
-3.6952825189499673e-07,-0.52834963071290986
-3.6950325219543841e-07,-0.50758615088852821
-3.694782524958801e-07,-0.51762327757387538
-3.6945325279632178e-07,-0.53786664011568064
-3.6942825309676346e-07,-0.52762345603696303
-3.6940325339720515e-07,-0.50575295063026715
-3.6937825369764683e-07,-0.52789062010560883
-3.6935325399808852e-07,-0.51046811222477118
-3.693282542985302e-07,-0.51617377039292478
-3.6930325459897189e-07,-0.51037574166912236
-3.6927825489941357e-07,-0.51042121640421101
-3.6925325519985526e-07,-0.50126516271120636
-3.6922825550029694e-07,-0.51054058758381871
-3.6920325580073863e-07,-0.51421693569864146
-3.6917825610118031e-07,-0.51232973419246264
-3.6915325640162199e-07,-0.51143302925993339
-3.6912825670206368e-07,-0.48931525498119299
-3.6910325700250536e-07,-0.5049969331594184
-3.6907825730294705e-07,-0.50273882834517281
-3.6905325760338873e-07,-0.4835683853343653
-3.6902825790383042e-07,-0.47732413577250554
-3.690032582042721e-07,-0.47959503035599482
-3.6897825850471379e-07,-0.48185455625571194
-3.6895325880515547e-07,-0.49121382517114398
-3.6892825910559716e-07,-0.50705466492217965
-3.6890325940603884e-07,-0.47368331479447079
-3.6887825970648052e-07,-0.48301131982952938
-3.6885326000692221e-07,-0.49102766297437483
-3.6882826030736389e-07,-0.49512749455971061
-3.6880326060780558e-07,-0.48316479706045357
-3.6877826090824726e-07,-0.50619348712643841
-3.6875326120868895e-07,-0.48316337597498205
-3.6872826150913063e-07,-0.48299568788934266
-3.6870326180957232e-07,-0.48317332357328269
-3.68678262110014e-07,-0.48904951199801872
-3.6865326241045569e-07,-0.47294861360569485
-3.6862826271089737e-07,-0.47827199978200952
-3.6860326301133905e-07,-0.48719357437221333
-3.6857826331178074e-07,-0.50053046152243041
-3.6855326361222242e-07,-0.48795243401400512
-3.6852826391266411e-07,-0.47685233539596084
-3.6850326421310579e-07,-0.47324419938377105
-3.6847826451354748e-07,-0.46826755806250731
-3.6845326481398916e-07,-0.49138293434225488
-3.6842826511443085e-07,-0.46328523239935748
-3.6840326541487253e-07,-0.48386681328338454
-3.6837826571531422e-07,-0.47788830670469906
-3.683532660157559e-07,-0.44961296907786164
-3.6832826631619758e-07,-0.46620556304333149
-3.6830326661663927e-07,-0.46738364289922174
-3.6827826691708095e-07,-0.46169503775672638
-3.6825326721752264e-07,-0.46983643642306561
-3.6822826751796432e-07,-0.47525929858238669
-3.6820326781840601e-07,-0.46447468093901989
-3.6817826811884769e-07,-0.46305785872391425
-3.6815326841928938e-07,-0.46309338586070226
-3.6812826871973106e-07,-0.47725592366987257
-3.6810326902017275e-07,-0.46039048129387083
-3.6807826932061443e-07,-0.4667825237447687
-3.6805326962105611e-07,-0.45055514874547953
-3.680282699214978e-07,-0.45056935960019473
-3.6800327022193948e-07,-0.44634589357883669
-3.6797827052238117e-07,-0.45034340701022302
-3.6795327082282285e-07,-0.43613113120954949
-3.6792827112326454e-07,-0.44046970515410067
-3.6790327142370622e-07,-0.45137795723348972
-3.6787827172414791e-07,-0.42544030520730303
-3.6785327202458959e-07,-0.44585135583474766
-3.6782827232503128e-07,-0.44302481683189399
-3.6780327262547296e-07,-0.42445975623195409
-3.6777827292591464e-07,-0.42501824282226153
-3.6775327322635633e-07,-0.44930601461601327
-3.6772827352679801e-07,-0.44012296029904974
-3.677032738272397e-07,-0.45501593604058144
-3.6767827412768138e-07,-0.42578136572046787
-3.6765327442812307e-07,-0.4323396751715336
-3.6762827472856475e-07,-0.42937529087794246
-3.6760327502900644e-07,-0.42403343059049803
-3.6757827532944812e-07,-0.43157513118785573
-3.6755327562988981e-07,-0.42474681549720117
-3.6752827593033149e-07,-0.41683989593366277
-3.6750327623077317e-07,-0.40648728827363811
-3.6747827653121486e-07,-0.41810039874690119
-3.6745327683165654e-07,-0.4180094492767239
-3.6742827713209823e-07,-0.40362237996305339
-3.6740327743253991e-07,-0.40647591958986595
-3.673782777329816e-07,-0.41123797700493014
-3.6735327803342328e-07,-0.42778935949172592
-3.6732827833386497e-07,-0.41888768009812338
-3.6730327863430665e-07,-0.40777621279630694
-3.6727827893474834e-07,-0.4239467443767353
-3.6725327923519002e-07,-0.41608814171922859
-3.672282795356317e-07,-0.40996042116603348
-3.6720327983607339e-07,-0.3872315801345394
-3.6717828013651507e-07,-0.41350460833200486
-3.6715328043695676e-07,-0.4047976176480006
-3.6712828073739844e-07,-0.4055223712384759
-3.6710328103784013e-07,-0.41939074435504153
-3.6707828133828181e-07,-0.40334100503969239
-3.670532816387235e-07,-0.42610963646438904
-3.6702828193916518e-07,-0.4076682103004714
-3.6700328223960687e-07,-0.3820048277702881
-3.6697828254004855e-07,-0.40967478298625792
-3.6695328284049023e-07,-0.38622829379164614
-3.6692828314093192e-07,-0.37453844470292097
-3.669032834413736e-07,-0.39442937804778921
-3.6687828374181529e-07,-0.37630201177307754
-3.6685328404225697e-07,-0.3790006530834944
-3.6682828434269866e-07,-0.38265710600171587
-3.6680328464314034e-07,-0.38291716464300407
-3.6677828494358203e-07,-0.40156322711482062
-3.6675328524402371e-07,-0.38356233744707424
-3.6672828554446539e-07,-0.36889247212457121
-3.6670328584490708e-07,-0.38870808793944889
-3.6667828614534876e-07,-0.41301717601527344
-3.6665328644579045e-07,-0.38863987583681592
-3.6662828674623213e-07,-0.39886458580440376
-3.6660328704667382e-07,-0.38578633621000336
-3.665782873471155e-07,-0.37970124822095386
-3.6655328764755719e-07,-0.37538967490036157
-3.6652828794799887e-07,-0.38287168990791542
-3.6650328824844056e-07,-0.38344296626746655
-3.6647828854888224e-07,-0.38573944038944319
-3.6645328884932392e-07,-0.37519924944717786
-3.6642828914976561e-07,-0.38864840234964504
-3.6640328945020729e-07,-0.39937333440320799
-3.6637828975064898e-07,-0.37152005916141206
-3.6635329005109066e-07,-0.37938860941721941
-3.6632829035153235e-07,-0.38064911223045783
-3.6630329065197403e-07,-0.38259173607002595
-3.6627829095241572e-07,-0.36832972227784921
-3.662532912528574e-07,-0.37339162872740417
-3.6622829155329909e-07,-0.35987710589324706
-3.6620329185374077e-07,-0.37655638607247965
-3.6617829215418245e-07,-0.36015990190207958
-3.6615329245462414e-07,-0.36747707099493709
-3.6612829275506582e-07,-0.35362432981855818
-3.6610329305550751e-07,-0.36226310839992948
-3.6607829335594919e-07,-0.38372576227629906
-3.6605329365639088e-07,-0.36956180338165723
-3.6602829395683256e-07,-0.37368863559095189
-3.6600329425727425e-07,-0.36962859439881868
-3.6597829455771593e-07,-0.37484682025024085
-3.6595329485815762e-07,-0.36116318824497284
-3.659282951585993e-07,-0.36560265925800195
-3.6590329545904098e-07,-0.35913672036258504
-3.6587829575948267e-07,-0.36070701980861486
-3.6585329605992435e-07,-0.35838638723362237
-3.6582829636036604e-07,-0.35600038472693996
-3.6580329666080772e-07,-0.35660718822327908
-3.6577829696124941e-07,-0.34067113574565155
-3.6575329726169109e-07,-0.35727936165130814
-3.6572829756213278e-07,-0.3923247504644678
-3.6570329786257446e-07,-0.36095144650971633
-3.6567829816301615e-07,-0.35698803912964649
-3.6565329846345783e-07,-0.36535396930048591
-3.6562829876389951e-07,-0.36081360121897887
-3.656032990643412e-07,-0.34540761362222838
-3.6557829936478288e-07,-0.35138896237185691
-3.6555329966522457e-07,-0.3305302698208834
-3.6552829996566625e-07,-0.34618494737514993
-3.6550330026610794e-07,-0.32352431844628882
-3.6547830056654962e-07,-0.36762202171303215
-3.6545330086699131e-07,-0.32366926916438388
-3.6542830116743299e-07,-0.33728611015249044
-3.6540330146787468e-07,-0.32709124297980452
-3.6537830176831636e-07,-0.32282230222335784
-3.6535330206875804e-07,-0.32944029726422741
-3.6532830236919973e-07,-0.32759999157860875
-3.6530330266964141e-07,-0.31919569210003829
-3.652783029700831e-07,-0.34336125054323929
-3.6525330327052478e-07,-0.35088163485852419
-3.6522830357096647e-07,-0.33434872648285818
-3.6520330387140815e-07,-0.3240089085920772
-3.6517830417184984e-07,-0.33880951377796009
-3.6515330447229152e-07,-0.31059954608281259
-3.6512830477273321e-07,-0.33076474892368424
-3.6510330507317489e-07,-0.32997178323057597
-3.6507830537361657e-07,-0.30854323540552286
-3.6505330567405826e-07,-0.32277114314638311
-3.6502830597449994e-07,-0.32854075016075512
-3.6500330627494163e-07,-0.31978970582713373
-3.6497830657538331e-07,-0.33709568469930673
-3.64953306875825e-07,-0.31870115435594926
-3.6492830717626668e-07,-0.32958524798232247
-3.6490330747670837e-07,-0.33005989052981022
-3.6487830777715005e-07,-0.33820128919614945
-3.6485330807759174e-07,-0.32479761102877092
-3.6482830837803342e-07,-0.30646276627521729
-3.648033086784751e-07,-0.30358933145180345
-3.6477830897891679e-07,-0.31908484743325971
-3.6475330927935847e-07,-0.30942288731239387
-3.6472830957980016e-07,-0.30931204264561529
-3.6470330988024184e-07,-0.31340476880359347
-3.6467831018068353e-07,-0.31726159477329929
-3.6465331048112521e-07,-0.31298839076043805
-3.646283107815669e-07,-0.30637181680504
-3.6460331108200858e-07,-0.32325431220669998
-3.6457831138245027e-07,-0.28461641932153725
-3.6455331168289195e-07,-0.31782292353454977
-3.6452831198333363e-07,-0.31596840699421591
-3.6450331228377532e-07,-0.28626345738302916
-3.64478312584217e-07,-0.28182398637000006
-3.6445331288465869e-07,-0.31763249808136607
-3.6442831318510037e-07,-0.29992435202075285
-3.6440331348554206e-07,-0.30095890224401955
-3.6437831378598374e-07,-0.31280649182008347
-3.6435331408642543e-07,-0.28880009494969272
-3.6432831438686711e-07,-0.30577069765058695
-3.643033146873088e-07,-0.29485960340025485
-3.6427831498775048e-07,-0.29533850920415716
-3.6425331528819216e-07,-0.28357618475638446
-3.6422831558863385e-07,-0.29471465268215979
-3.6420331588907553e-07,-0.29373552479228238
-3.6417831618951722e-07,-0.30121753979983623
-3.641533164899589e-07,-0.27885675990546588
-3.6412831679040059e-07,-0.28810092089770478
-3.6410331709084227e-07,-0.27505677735462086
-3.6407831739128396e-07,-0.28062032697562245
-3.6405331769172564e-07,-0.29681075375265209
-3.6402831799216733e-07,-0.27469724273032625
-3.6400331829260901e-07,-0.28788065264961915
-3.6397831859305069e-07,-0.27884681230716524
-3.6395331889349238e-07,-0.29747724283879506
-3.6392831919393406e-07,-0.29598652417917037
-3.6390331949437575e-07,-0.28350655156827997
-3.6387831979481743e-07,-0.27340547603671439
-3.6385332009525912e-07,-0.28157529641248402
-3.638283203957008e-07,-0.29177584792705602
-3.6380332069614249e-07,-0.26319213475289871
-3.6377832099658417e-07,-0.28876883106931928
-3.6375332129702586e-07,-0.27417712544774986
-3.6372832159746754e-07,-0.27667539370668237
-3.6370332189790922e-07,-0.27483366693559219
-3.6367832219835091e-07,-0.30303368703243905
-3.6365332249879259e-07,-0.28605882107513025
-3.6362832279923428e-07,-0.26203679226455279
-3.6360332309967596e-07,-0.24551809474360198
-3.6357832340011765e-07,-0.27183943984709913
-3.6355332370055933e-07,-0.259871058005956
-3.6352832400100102e-07,-0.26440432066010544
-3.635033243014427e-07,-0.26686706178224995
-3.6347832460188439e-07,-0.27005455649486976
-3.6345332490232607e-07,-0.24150921262844349
-3.6342832520276775e-07,-0.24273560939036543
-3.6340332550320944e-07,-0.25315785023849458
-3.6337832580365112e-07,-0.28319817602096009
-3.6335332610409281e-07,-0.24055424319158192
-3.6332832640453449e-07,-0.27997799634249532
-3.6330332670497618e-07,-0.24557351707699127
-3.6327832700541786e-07,-0.23724595621388289
-3.6325332730585955e-07,-0.24489565930707613
-3.6322832760630123e-07,-0.21855157683603466
-3.6320332790674292e-07,-0.26048212475870969
-3.631783282071846e-07,-0.26857946977543179
-3.6315332850762628e-07,-0.25815012349994504
-3.6312832880806797e-07,-0.248790854584513
-3.6310332910850965e-07,-0.24168969048332656
-3.6307832940895134e-07,-0.25264483838327578
-3.6305332970939302e-07,-0.26022064503194997
-3.6302833000983471e-07,-0.25347759446958662
-3.6300333031027639e-07,-0.2517950292713067
-3.6297833061071808e-07,-0.26915500939139747
-3.6295333091115976e-07,-0.26485764692552038
-3.6292833121160145e-07,-0.24530777409381699
-3.6290333151204313e-07,-0.25743105425135582
-3.6287833181248481e-07,-0.24180906166293425
-3.628533321129265e-07,-0.23594424192197039
-3.6282833241336818e-07,-0.255298004958604
-3.6280333271380987e-07,-0.24520545593986753
-3.6277833301425155e-07,-0.23242847646542941
-3.6275333331469324e-07,-0.24576252144470345
-3.6272833361513492e-07,-0.21194495047893724
-3.6270333391557661e-07,-0.24512019081157632
-3.6267833421601829e-07,-0.24854358571246848
-3.6265333451645998e-07,-0.24272424070659326
-3.6262833481690166e-07,-0.24635511408632738
-3.6260333511734334e-07,-0.25319621954622562
-3.6257833541778503e-07,-0.20998527361371089
-3.6255333571822671e-07,-0.22238708652366768
-3.625283360186684e-07,-0.23607498178535025
-3.6250333631911008e-07,-0.24091519890134805
-3.6247833661955177e-07,-0.23703279339315486
-3.6245333691999345e-07,-0.22814674593973905
-3.6242833722043514e-07,-0.24050166302913567
-3.6240333752087682e-07,-0.24227517769759288
-3.623783378213185e-07,-0.22031940716260578
-3.6235333812176019e-07,-0.23939463744682143
-3.6232833842220187e-07,-0.21778419068141375
-3.6230333872264356e-07,-0.22045725245334324
-3.6227833902308524e-07,-0.214460271763528
-3.6225333932352693e-07,-0.2314990865670552
-3.6222833962396861e-07,-0.21328645516405231
-3.622033399244103e-07,-0.21381225678851479
-3.6217834022485198e-07,-0.21860984134036698
-3.6215334052529367e-07,-0.23457147335648187
-3.6212834082573535e-07,-0.2520835096220253
-3.6210334112617703e-07,-0.21896369162277551
-3.6207834142661872e-07,-0.20534685063466895
-3.620533417270604e-07,-0.20937278577548568
-3.6202834202750209e-07,-0.23481305788664031
-3.6200334232794377e-07,-0.19433485931585892
-3.6197834262838546e-07,-0.22622401729677222
-3.6195334292882714e-07,-0.21720438780903351
-3.6192834322926883e-07,-0.2242458663204161
-3.6190334352971051e-07,-0.21114630044394289
-3.618783438301522e-07,-0.21031922869951813
-3.6185334413059388e-07,-0.21305197606125148
-3.6182834443103556e-07,-0.20020962665512343
-3.6180334473147725e-07,-0.21214674461589311
-3.6177834503191893e-07,-0.21858568288735114
-3.6175334533236062e-07,-0.20445014570213971
-3.617283456328023e-07,-0.20148718249402009
-3.6170334593324399e-07,-0.22307773406282649
-3.6167834623368567e-07,-0.19428370023888419
-3.6165334653412736e-07,-0.20562680447255843
-3.6162834683456904e-07,-0.20787069843208883
-3.6160334713501073e-07,-0.2039570290435222
-3.6157834743545241e-07,-0.20135217937422567
-3.6155334773589409e-07,-0.20476562667681719
-3.6152834803633578e-07,-0.20075390239071567
-3.6150334833677746e-07,-0.19738308765226975
-3.6147834863721915e-07,-0.19759909264394082
-3.6145334893766083e-07,-0.20686456991825253
-3.6142834923810252e-07,-0.18754775510387844
-3.614033495385442e-07,-0.19505250747897662
-3.6137834983898589e-07,-0.19852848254231503
-3.6135335013942757e-07,-0.19258266092947451
-3.6132835043986926e-07,-0.19129942074869177
-3.6130335074031094e-07,-0.20546480072880513
-3.6127835104075262e-07,-0.19691128727572504
-3.6125335134119431e-07,-0.19941097662012908
-3.6122835164163599e-07,-0.20317543203418609
-3.6120335194207768e-07,-0.18305001958651701
-3.6117835224251936e-07,-0.20555148694256786
-3.6115335254296105e-07,-0.19997230538137956
-3.6112835284340273e-07,-0.18870309759222437
-3.6110335314384442e-07,-0.18766144194160006
-3.610783534442861e-07,-0.18091554920829367
-3.6105335374472779e-07,-0.19525998595781857
-3.6102835404516947e-07,-0.19072956547461217
-3.6100335434561115e-07,-0.20488073460001033
-3.6097835464605284e-07,-0.18584671579446876
-3.6095335494649452e-07,-0.19573462850530632
-3.6092835524693621e-07,-0.17697487919576815
-3.6090335554737789e-07,-0.20303758674344863
-3.6087835584781958e-07,-0.16887184983715997
-3.6085335614826126e-07,-0.19937118622692651
-3.6082835644870295e-07,-0.18418120362184709
-3.6080335674914463e-07,-0.18567902770882938
-3.6077835704958632e-07,-0.19176411569787888
-3.60753357350028e-07,-0.18519727973398403
-3.6072835765046968e-07,-0.16262617918982869
-3.6070335795091137e-07,-0.17602559410079266
-3.6067835825135305e-07,-0.18373782495473279
-3.6065335855179474e-07,-0.14915997326170327
-3.6062835885223642e-07,-0.19061303646594752
-3.6060335915267811e-07,-0.18606840512802592
-3.6057835945311979e-07,-0.17775505511963274
-3.6055335975356148e-07,-0.17060131085600005
-3.6052836005400316e-07,-0.17143264585683937
-3.6050336035444485e-07,-0.19389574390515918
-3.6047836065488653e-07,-0.17329568891000235
-3.6045336095532821e-07,-0.17830359411163954
-3.604283612557699e-07,-0.15456862456630915
-3.6040336155621158e-07,-0.15755858839838766
-3.6037836185665327e-07,-0.17235066707144142
-3.6035336215709495e-07,-0.18370513998888782
-3.6032836245753664e-07,-0.18283543568031746
-3.6030336275797832e-07,-0.16783587852842174
-3.6027836305842001e-07,-0.14567405060006422
-3.6025336335886169e-07,-0.16225527588176192
-3.6022836365930338e-07,-0.16817978121252963
-3.6020336395974506e-07,-0.15455299262612243
-3.6017836426018674e-07,-0.16229932953137904
-3.6015336456062843e-07,-0.17628707382755238
-3.6012836486107011e-07,-0.17331132085018908
-3.601033651615118e-07,-0.18265922108184895
-3.6007836546195348e-07,-0.15793659713381203
-3.6005336576239517e-07,-0.17644481431489112
-3.6002836606283685e-07,-0.16614905007372727
-3.6000336636327854e-07,-0.15022862953628646
-3.5997836666372022e-07,-0.16904664335015696
-3.5995336696416191e-07,-0.16117809309434961
-3.5992836726460359e-07,-0.16540155911570764
-3.5990336756504527e-07,-0.17508341443317477
-3.5987836786548696e-07,-0.14600800568587147
-3.5985336816592864e-07,-0.16761987353675067
-3.5982836846637033e-07,-0.15757279925310286
-3.5980336876681201e-07,-0.16152768012034358
-3.597783690672537e-07,-0.15171366385402507
-3.5975336936769538e-07,-0.17358274817524944
-3.5972836966813707e-07,-0.17689814058030606
-3.5970336996857875e-07,-0.15537722219960415
-3.5967837026902044e-07,-0.17120527218139614
-3.5965337056946212e-07,-0.1477971522945154
-3.596283708699038e-07,-0.16234196209552465
-3.5960337117034549e-07,-0.15102159522939473
-3.5957837147078717e-07,-0.14518519719786127
-3.5955337177122886e-07,-0.14777725709791412
-3.5952837207167054e-07,-0.18165593473895569
-3.5950337237211223e-07,-0.15216841120491154
-3.5947837267255391e-07,-0.1533265958642005
-3.594533729729956e-07,-0.16118946177812177
-3.5942837327343728e-07,-0.14659065072919475
-3.5940337357387897e-07,-0.15040058087834041
-3.5937837387432065e-07,-0.14199770248524146
-3.5935337417476233e-07,-0.14520793456540559
-3.5932837447520402e-07,-0.1442799657525029
-3.593033747756457e-07,-0.12903740298497723
-3.5927837507608739e-07,-0.15280647858162411
-3.5925337537652907e-07,-0.12316121456024121
-3.5922837567697076e-07,-0.14004797321831575
-3.5920337597741244e-07,-0.16010659464882337
-3.5917837627785413e-07,-0.14898802191964933
-3.5915337657829581e-07,-0.13882299754186533
-3.591283768787375e-07,-0.12339000932115596
-3.5910337717917918e-07,-0.13509975360648241
-3.5907837747962086e-07,-0.14344720966619207
-3.5905337778006255e-07,-0.11923333431695937
-3.5902837808050423e-07,-0.14024266192791401
-3.5900337838094592e-07,-0.15416787846334046
-3.589783786813876e-07,-0.12673666560658603
-3.5895337898182929e-07,-0.12129248716519214
-3.5892837928227097e-07,-0.12519336678451509
-3.5890337958271266e-07,-0.13246648222775548
-3.5887837988315434e-07,-0.13187815284254611
-3.5885338018359603e-07,-0.14124452718533576
-3.5882838048403771e-07,-0.13963585843157489
-3.5880338078447939e-07,-0.13002079413126921
-3.5877838108492108e-07,-0.12279457450858899
-3.5875338138536276e-07,-0.11850289638459799
-3.5872838168580445e-07,-0.13473737681124476
-3.5870338198624613e-07,-0.1173361852124799
-3.5867838228668782e-07,-0.14402843362404383
-3.586533825871295e-07,-0.10863061561394716
-3.5862838288757119e-07,-0.10162324315388105
-3.5860338318801287e-07,-0.11981313718933961
-3.5857838348845456e-07,-0.13018990330238012
-3.5855338378889624e-07,-0.1388841042171407
-3.5852838408933792e-07,-0.12660308357226313
-3.5850338438977961e-07,-0.11454801551735727
-3.5847838469022129e-07,-0.11568346280910191
-3.5845338499066298e-07,-0.10926726190518821
-3.5842838529110466e-07,-0.13058212289251969
-3.5840338559154635e-07,-0.14546941429216531
-3.5837838589198803e-07,-0.11483507478260435
-3.5835338619242972e-07,-0.11831957635877188
-3.583283864928714e-07,-0.12433645224518841
-3.5830338679331309e-07,-0.14609184972869116
-3.5827838709375477e-07,-0.13874768001187476
-3.5825338739419645e-07,-0.13001368870391161
-3.5822838769463814e-07,-0.13291696632222738
-3.5820338799507982e-07,-0.13119034747433034
-3.5817838829552151e-07,-0.11593783710850403
-3.5815338859596319e-07,-0.11071819017161033
-3.5812838889640488e-07,-0.11196021887371899
-3.5810338919684656e-07,-0.12934151527588256
-3.5807838949728825e-07,-0.11102798680440173
-3.5805338979772993e-07,-0.10288943030900555
-3.5802839009817162e-07,-0.11748966244340409
-3.580033903986133e-07,-0.12163354767835699
-3.5797839069905498e-07,-0.099949204468430253
-3.5795339099949667e-07,-0.11211511719011469
-3.5792839129993835e-07,-0.092948937435721746
-3.5790339160038004e-07,-0.097975316748488694
-3.5787839190082172e-07,-0.095548102763132192
-3.5785339220126341e-07,-0.10916352266576723
-3.5782839250170509e-07,-0.12073968491677078
-3.5780339280214678e-07,-0.10637677405611612
-3.5777839310258846e-07,-0.11838920954687637
-3.5775339340303014e-07,-0.10529390692681773
-3.5772839370347183e-07,-0.077416473232005956
-3.5770339400391351e-07,-0.098125951808469836
-3.576783943043552e-07,-0.097014662969741039
-3.5765339460479688e-07,-0.087199225617951015
-3.5762839490523857e-07,-0.1072621103048732
-3.5760339520568025e-07,-0.084970963598607341
-3.5757839550612194e-07,-0.11235243846385856
-3.5755339580656362e-07,-0.12319674169702921
-3.5752839610700531e-07,-0.10652172477421118
-3.5750339640744699e-07,-0.12504983715189155
-3.5747839670788867e-07,-0.1053692244568083
-3.5745339700833036e-07,-0.088272145148948766
-3.5742839730877204e-07,-0.080476070252188947
-3.5740339760921373e-07,-0.088749629867379554
-3.5737839790965541e-07,-0.081020345987781184
-3.573533982100971e-07,-0.092843777110829251
-3.5732839851053878e-07,-0.089707441475184169
-3.5730339881098047e-07,-0.11823999557236675
-3.5727839911142215e-07,-0.11375931308066356
-3.5725339941186384e-07,-0.1012963934954314
-3.5722839971230552e-07,-0.097961105893773492
-3.572034000127472e-07,-0.10815597306645941
-3.5717840031318889e-07,-0.095916163900255924
-3.5715340061363057e-07,-0.07851213013054803
-3.5712840091407226e-07,-0.075705486324295634
-3.5710340121451394e-07,-0.091564800186461071
-3.5707840151495563e-07,-0.084941120803705417
-3.5705340181539731e-07,-0.091780805178132141
-3.57028402115839e-07,-0.10192451327384333
-3.5700340241628068e-07,-0.10658567362042959
-3.5697840271672237e-07,-0.08248548510891851
-3.5695340301716405e-07,-0.083588247434818186
-3.5692840331760573e-07,-0.088765261807566276
-3.5690340361804742e-07,-0.093422158897737972
-3.568784039184891e-07,-0.095327834515046561
-3.5685340421893079e-07,-0.078402706549240975
-3.5682840451937247e-07,-0.086401996668428183
-3.5680340481981416e-07,-0.083177553733548848
-3.5677840512025584e-07,-0.086005513821874047
-3.5675340542069753e-07,-0.09893739161270787
-3.5672840572113921e-07,-0.061423577335517621
-3.567034060215809e-07,-0.072120087679650169
-3.5667840632202258e-07,-0.066543748289404903
-3.5665340662246426e-07,-0.079768369687371887
-3.5662840692290595e-07,-0.093152152658149134
-3.5660340722334763e-07,-0.073777073339442722
-3.5657840752378932e-07,-0.070804162533022463
-3.56553407824231e-07,-0.10515606163608027
-3.5652840812467269e-07,-0.085212548128765775
-3.5650340842511437e-07,-0.065168137552973349
-3.5647840872555606e-07,-0.05992717433400685
-3.5645340902599774e-07,-0.068457950419542613
-3.5642840932643943e-07,-0.091382901246106485
-3.5640340962688111e-07,-0.060512661548273172
-3.5637840992732279e-07,-0.081534778928471496
-3.5635341022776448e-07,-0.074732042776304297
-3.5632841052820616e-07,-0.072381567406409886
-3.5630341082864785e-07,-0.077240258633537451
-3.5627841112908953e-07,-0.07928946388346958
-3.5625341142953122e-07,-0.071270278567681089
-3.562284117299729e-07,-0.072616046509210719
-3.5620341203041459e-07,-0.07638192300873925
-3.5617841233085627e-07,-0.079417361575906398
-3.5615341263129796e-07,-0.066573591084306827
-3.5612841293173964e-07,-0.052729376420757035
-3.5610341323218132e-07,-0.065611516220087651
-3.5607841353262301e-07,-0.060988725181232439
-3.5605341383306469e-07,-0.073411854373262031
-3.5602841413350638e-07,-0.075216632922092685
-3.5600341443394806e-07,-0.065048766373365652
-3.5597841473438975e-07,-0.072230932346428744
-3.5595341503483143e-07,-0.05503295597009128
-3.5592841533527312e-07,-0.05617124543277896
-3.559034156357148e-07,-0.07035367843855056
-3.5587841593615649e-07,-0.055207749483088264
-3.5585341623659817e-07,-0.065134031501656864
-3.5582841653703985e-07,-0.061142202412156621
-3.5580341683748154e-07,-0.048289905407727929
-3.5577841713792322e-07,-0.059880278513446683
-3.5575341743836491e-07,-0.073816863732645288
-3.5572841773880659e-07,-0.060062177453801269
-3.5570341803924828e-07,-0.058393823110236553
-3.5567841833968996e-07,-0.022424728740588762
-3.5565341864013165e-07,-0.058994942264689598
-3.5562841894057333e-07,-0.056449778185196919
-3.5560341924101502e-07,-0.079512574302498251
-3.555784195414567e-07,-0.067412031512503745
-3.5555341984189838e-07,-0.062173910464480286
-3.5552842014234007e-07,-0.046721027047169628
-3.5550342044278175e-07,-0.039131009543780237
-3.5547842074322344e-07,-0.053744031447422458
-3.5545342104366512e-07,-0.052007465001224773
-3.5542842134410681e-07,-0.048737547331256792
-3.5540342164454849e-07,-0.060906302223884268
-3.5537842194499018e-07,-0.061466209899663227
-3.5535342224543186e-07,-0.06638316563112312
-3.5532842254587355e-07,-0.046370018935704138
-3.5530342284631523e-07,-0.042463454974495107
-3.5527842314675691e-07,-0.061400839967973297
-3.552534234471986e-07,-0.035558400668378454
-3.5522842374764028e-07,-0.027630164822767256
-3.5520342404808197e-07,-0.031795366339792963
-3.5517842434852365e-07,-0.057639226724859327
-3.5515342464896534e-07,-0.034134473025915213
-3.5512842494940702e-07,-0.052816062634519767
-3.5510342524984871e-07,-0.039827341424825136
-3.5507842555029039e-07,-0.054423310302809114
-3.5505342585073208e-07,-0.040067504869512049
-3.5502842615117376e-07,-0.046752290927543072
-3.5500342645161544e-07,-0.052308735121187055
-3.5497842675205713e-07,-0.052214943480066722
-3.5495342705249881e-07,-0.053273652156349272
-3.549284273529405e-07,-0.048352433168474818
-3.5490342765338218e-07,-0.058520299717201851
-3.5487842795382387e-07,-0.055622706440772163
-3.5485342825426555e-07,-0.066705752033158205
-3.5482842855470724e-07,-0.050560799991217209
-3.5480342885514892e-07,-0.042577141812216723
-3.5477842915559061e-07,-0.045220360789244296
-3.5475342945603229e-07,-0.037847769362997497
-3.5472842975647397e-07,-0.052366999625519384
-3.5470343005691566e-07,-0.060258287248871056
-3.5467843035735734e-07,-0.026894042548519792
-3.5465343065779903e-07,-0.046043169277254492
-3.5462843095824071e-07,-0.034621905342646642
-3.546034312586824e-07,-0.045181991481513251
-3.5457843155912408e-07,-0.045046988361718832
-3.5455343185956577e-07,-0.044774139951186953
-3.5452843216000745e-07,-0.035051073155045742
-3.5450343246044914e-07,-0.053411497447086731
-3.5447843276089082e-07,-0.039710812416160479
-3.544534330613325e-07,-0.054571103191847214
-3.5442843336177419e-07,-0.053779558584210463
-3.5440343366221587e-07,-0.047532466851407662
-3.5437843396265756e-07,-0.036115466173214372
-3.5435343426309924e-07,-0.046674131226609461
-3.5432843456354093e-07,-0.040331826767214807
-3.5430343486398261e-07,-0.04730225100502139
-3.542784351644243e-07,-0.0408519440497912
-3.5425343546486598e-07,-0.052021675855939975
-3.5422843576530767e-07,-0.05808686864838819
-3.5420343606574935e-07,-0.049145398861583089
-3.5417843636619103e-07,-0.048245851758110803
-3.5415343666663272e-07,-0.038690473047608975
-3.541284369670744e-07,-0.027816327019536402
-3.5410343726751609e-07,-0.034076208521582885
-3.5407843756795777e-07,-0.0039463543544115964
-3.5405343786839946e-07,-0.026741986403067131
-3.5402843816884114e-07,-0.039386804928653874
-3.5400343846928283e-07,-0.054379256653191987
-3.5397843876972451e-07,-0.040908787468652008
-3.539534390701662e-07,-0.043847592223755782
-3.5392843937060788e-07,-0.020429524738574401
-3.5390343967104956e-07,-0.068565952915378148
-3.5387843997149125e-07,-0.047529624680464622
-3.5385344027193293e-07,-0.015668888408981729
-3.5382844057237462e-07,-0.031263880373444408
-3.538034408728163e-07,-0.017493562154413667
-3.5377844117325799e-07,-0.013163514722691616
-3.5375344147369967e-07,-0.038389202927646693
-3.5372844177414136e-07,-0.029419311431411188
-3.5370344207458304e-07,-0.029911007004557177
-3.5367844237502473e-07,-0.041958969632105436
-3.5365344267546641e-07,-0.022396307031158358
-3.5362844297590809e-07,-0.030419755603361409
-3.5360344327634978e-07,-0.021285018192429561
-3.5357844357679146e-07,-0.034698643958108732
-3.5355344387723315e-07,-0.048258641527354484
-3.5352844417767483e-07,-0.028110491712141084
-3.5350344447811652e-07,-0.021677237782569136
-3.534784447785582e-07,-0.043479531086632051
-3.5345344507899989e-07,-0.015242562767525669
-3.5342844537944157e-07,-0.034131630854972173
-3.5340344567988325e-07,-0.024697044409549562
-3.5337844598032494e-07,-0.024417090571660083
-3.5335344628076662e-07,-0.035241498608229449
-3.5332844658120831e-07,-0.011385736797819845
-3.5330344688164999e-07,-0.04865228220296558
-3.5327844718209168e-07,-0.031896263408270897
-3.5325344748253336e-07,-0.04262545871824841
-3.5322844778297505e-07,-0.040682834878680296
-3.5320344808341673e-07,-0.011040413028240437
-3.5317844838385842e-07,-0.017388401829521172
-3.531534486843001e-07,-0.020376944576128153
-3.5312844898474178e-07,-0.038384939671232132
-3.5310344928518347e-07,-0.026429347599332687
-3.5307844958562515e-07,-0.016132162272697315
-3.5305344988606684e-07,-0.025167423700622749
-3.5302845018650852e-07,-0.028414604003046406
-3.5300345048695021e-07,-0.023484858502342831
-3.5297845078739189e-07,-0.017138290786533616
-3.5295345108783358e-07,-0.021562129859376
-3.5292845138827526e-07,-0.0065540461946511641
-3.5290345168871695e-07,-0.010179235232499195
-3.5287845198915863e-07,-0.019184653865522705
-3.5285345228960031e-07,-0.027914381917071296
-3.52828452590042e-07,-0.00098623331723501906
-3.5280345289048368e-07,-0.019350920865690568
-3.5277845319092537e-07,-0.015793943930475507
-3.5275345349136705e-07,-0.024047608349064831
-3.5272845379180874e-07,-0.029803004508721642
-3.5270345409225042e-07,-0.0085634610513807274
-3.5267845439269211e-07,-0.0086657792053301819
-3.5265345469313379e-07,0.0039094061321520712
-3.5262845499357548e-07,-0.022988899672782281
-3.5260345529401716e-07,-0.021756818568974268
-3.5257845559445884e-07,-0.026649615847418318
-3.5255345589490053e-07,-0.0010984990694851149
-3.5252845619534221e-07,-0.024556356947869062
-3.525034564957839e-07,-0.027175417471880792
-3.5247845679622558e-07,-0.0063479888012807351
-3.5245345709666727e-07,-0.0013812950783176348
-3.5242845739710895e-07,0.013254464192868909
-3.5240345769755064e-07,-0.0035413449950283393
-3.5237845799799232e-07,-0.0064730443227745127
-3.5235345829843401e-07,0.00546123146705213
-3.5232845859887569e-07,-0.00034532376957940869
-3.5230345889931737e-07,0.0069405814429046586
-3.5227845919975906e-07,-0.011335998806316638
-3.5225345950020074e-07,-0.0027370106181479059
-3.5222845980064243e-07,-0.01439417474102811
-3.5220346010108411e-07,-0.00030269120543380268
-3.521784604015258e-07,0.0091461060947040096
-3.5215346070196748e-07,0.009993073035730049
-3.5212846100240917e-07,0.026466295821592212
-3.5210346130285085e-07,-0.0014054535313334782
-3.5207846160329254e-07,0.0073910655373765621
-3.5205346190373422e-07,0.0079140249908959959
-3.520284622041759e-07,-0.0065156768869201187
-3.5200346250461759e-07,0.0039904080040287226
-3.5197846280505927e-07,0.020533263977995375
-3.5195346310550096e-07,0.0083431928032950964
-3.5192846340594264e-07,0.01652296077736537
-3.5190346370638433e-07,0.0076937567428103648
-3.5187846400682601e-07,0.01950013484020019
-3.518534643072677e-07,0.032081004519568523
-3.5182846460770938e-07,0.007460698725481052
-3.5180346490815107e-07,0.0056289195526915137
-3.5177846520859275e-07,-0.0012235545909788925
-3.5175346550903443e-07,0.022446045022661565
-3.5172846580947612e-07,0.027178259642823832
-3.517034661099178e-07,0.0068766325966862496
-3.5167846641035949e-07,-0.0073214323492720723
-3.5165346671080117e-07,0.0056274984672199935
-3.5162846701124286e-07,0.024380142349400558
-3.5160346731168454e-07,0.0048046899792097975
-3.5157846761212623e-07,0.024205348836403573
-3.5155346791256791e-07,0.0071182171268446837
-3.515284682130096e-07,0.013443468560581096
-3.5150346851345128e-07,0.011449685644038254
-3.5147846881389296e-07,0.00028705926524708048
-3.5145346911433465e-07,0.026572877231956227
-3.5142846941477633e-07,0.028686031328106765
-3.5140346971521802e-07,0.035234393180871848
-3.513784700156597e-07,0.0091731067186628934
-3.5135347031610139e-07,0.024556356947869062
-3.5132847061654307e-07,0.037071856695547467
-3.5130347091698476e-07,0.041571013298380421
-3.5127847121742644e-07,0.036733638353325659
-3.5125347151786813e-07,0.016645174127916107
-3.5122847181830981e-07,0.008354561487067258
-3.5120347211875149e-07,0.018025048120762222
-3.5117847241919318e-07,0.021502444269572152
-3.5115347271963486e-07,0.021313439901859965
-3.5112847302007655e-07,0.027580426831264049
-3.5110347332051823e-07,0.011938539046241203
-3.5107847362095992e-07,0.025623592136980733
-3.510534739214016e-07,0.017300294530286919
-3.5102847422184329e-07,0.029842794901924208
-3.5100347452228497e-07,-0.0058832938520936295
-3.5097847482272666e-07,-0.018241053112433292
-3.5095347512316834e-07,0.015899104255368002
-3.5092847542361002e-07,0.017487877812527586
-3.5090347572405171e-07,0.02220161832156009
-3.5087847602449339e-07,0.026555824206297984
-3.5085347632493508e-07,0.028677504815277644
-3.5082847662537676e-07,0.034815172966773389
-3.5080347692581845e-07,0.0064886762629612349
-3.5077847722626013e-07,0.019649348814709811
-3.5075347752670182e-07,0.020978063730581198
-3.507284778271435e-07,0.022168933355715126
-3.5070347812758519e-07,0.0011453948900452815
-3.5067847842802687e-07,0.02432898327242583
-3.5065347872846855e-07,0.041043790588446427
-3.5062847902891024e-07,0.027168312044523191
-3.5060347932935192e-07,0.034347635846643243
-3.5057847962979361e-07,0.033564617751835613
-3.5055347993023529e-07,0.033716673897288274
-3.5052848023067698e-07,0.017141132957476657
-3.5050348053111866e-07,0.049952575409406563
-3.5047848083156035e-07,0.019372237147763371
-3.5045348113200203e-07,0.030406965834117727
-3.5042848143244372e-07,0.012217071798659163
-3.504034817328854e-07,0.039541703245049575
-3.5037848203332708e-07,0.038326675166899804
-3.5035348233376877e-07,0.0072560624175821431
-3.5032848263421045e-07,0.015415935195051134
-3.5030348293465214e-07,0.03723528152477229
-3.5027848323509382e-07,0.034556535410956712
-3.5025348353553551e-07,0.026608404368744232
-3.5022848383597719e-07,0.023679547211941099
-3.5020348413641888e-07,0.011458212156867376
-3.5017848443686056e-07,0.028200020096846856
-3.5015348473730225e-07,0.031549518553219968
-3.5012848503774393e-07,0.027843327643495286
-3.5010348533818561e-07,0.032363800528401043
-3.500784856386273e-07,0.018265211565449135
-3.5005348593906898e-07,0.03482512056507403
-3.5002848623951067e-07,-0.0035456082514428999
-3.5000348653995235e-07,-0.0025721647034515627
-3.4997848684039404e-07,0.038575365124415839
-3.4995348714083572e-07,0.022174617697601207
-3.4992848744127741e-07,0.030668445560877444
-3.4990348774171909e-07,0.040944314605440013
-3.4987848804216078e-07,0.033287506084889174
-3.4985348834260246e-07,0.010406608907942427
-3.4982848864304414e-07,0.036254732549423352
-3.4980348894348583e-07,0.024228086203947896
-3.4977848924392751e-07,0.01475370936532272
-3.497534895443692e-07,0.022605206595471827
-3.4972848984481088e-07,0.028123281481384765
-3.4970349014525257e-07,0.038942005176068051
-3.4967849044569425e-07,0.053965720780979609
-3.4965349074613594e-07,0.026365398753114277
-3.4962849104657762e-07,0.029447733140841592
-3.4960349134701931e-07,0.040982683913171059
-3.4957849164746099e-07,0.047627679577999515
-3.4955349194790267e-07,0.043267789351375541
-3.4952849224834436e-07,0.040463987716066185
-3.4950349254878604e-07,0.031148772450251272
-3.4947849284922773e-07,0.046536285935872002
-3.4945349314966941e-07,0.037825031995453173
-3.494284934501111e-07,0.048636650262778858
-3.4940349375055278e-07,0.04162927780271275
-3.4937849405099447e-07,0.063360516833199654
-3.4935349435143615e-07,0.049101345211965963
-3.4932849465187784e-07,0.066971495016332483
-3.4930349495231952e-07,0.048669335228623822
-3.492784952527612e-07,0.046847503654134925
-3.4925349555320289e-07,0.060175864291522885
-3.4922849585364457e-07,0.063771210534468992
-3.4920349615408626e-07,0.039990766254049959
-3.4917849645452794e-07,0.049206505536858458
-3.4915349675496963e-07,0.041251269067288376
-3.4912849705541131e-07,0.0343234773936274
-3.49103497355853e-07,0.038176040106918663
-3.4907849765629468e-07,0.052936854899598984
-3.4905349795673636e-07,0.03914664148396696
-3.4902849825717805e-07,0.052301629693829454
-3.4900349855761973e-07,0.044069281557312934
-3.4897849885806142e-07,0.033159608392452355
-3.489534991585031e-07,0.05709495098926709
-3.4892849945894479e-07,0.047366199851239799
-3.4890349975938647e-07,0.047897685817588354
-3.4887850005982816e-07,0.042423664581292542
-3.4885350036026984e-07,0.060404659052437637
-3.4882850066071153e-07,0.050165738230134593
-3.4880350096115321e-07,0.052014570428582374
-3.4877850126159489e-07,0.04375664275357849
-3.4875350156203658e-07,0.033064395665860502
-3.4872850186247826e-07,0.044069281557312934
-3.4870350216291995e-07,0.050837911658163648
-3.4867850246336163e-07,0.050988546718144789
-3.4865350276380332e-07,0.05652367462971597
-3.48628503064245e-07,0.064761707108118571
-3.4860350336468669e-07,0.067035443862550892
-3.4857850366512837e-07,0.072526518124504946
-3.4855350396557006e-07,0.061932325934321852
-3.4852850426601174e-07,0.041259795580117498
-3.4850350456645342e-07,0.057956128785008332
-3.4847850486689511e-07,0.040049030758382287
-3.4845350516733679e-07,0.054853899200679734
-3.4842850546777848e-07,0.062387073285208317
-3.4840350576822016e-07,0.042594194837874966
-3.4837850606866185e-07,0.037213965242699487
-3.4835350636910353e-07,0.047154458115983289
-3.4832850666954522e-07,0.062249227994470857
-3.483035069699869e-07,0.058516036460787291
-3.4827850727042859e-07,0.052013149343110854
-3.4825350757087027e-07,0.043227998958172975
-3.4822850787131195e-07,0.033035973956430098
-3.4820350817175364e-07,0.048838444399734726
-3.4817850847219532e-07,0.069451289164135233
-3.4815350877263701e-07,0.032149216622201493
-3.4812850907307869e-07,0.049568882332096109
-3.4810350937352038e-07,0.047431569782929728
-3.4807850967396206e-07,0.05432525540527422
-3.4805350997440375e-07,0.050769699555530678
-3.4802851027484543e-07,0.044509818053484196
-3.4800351057528712e-07,0.04460787295101909
-3.479785108757288e-07,0.04368985173641704
-3.4795351117617048e-07,0.054996007747831754
-3.4792851147661217e-07,0.042945202949340455
-3.4790351177705385e-07,0.049287507408735109
-3.4787851207749554e-07,0.072580519372422714
-3.4785351237793722e-07,0.063018035234563285
-3.4782851267837891e-07,0.082955864399991697
-3.4780351297882059e-07,0.065938365878537297
-3.4777851327926228e-07,0.083207396528450772
-3.4775351357970396e-07,0.069505290412053
-3.4772851388014565e-07,0.061733373968309024
-3.4770351418058733e-07,0.074662409588199807
-3.4767851448102901e-07,0.066583538682607468
-3.476535147814707e-07,0.069084649112483021
-3.4762851508191238e-07,0.065990946040983545
-3.4760351538235407e-07,0.086757268036308233
-3.4757851568279575e-07,0.067356609179114457
-3.4755351598323744e-07,0.084222051555116195
-3.4752851628367912e-07,0.056483884236513404
-3.4750351658412081e-07,0.061370997173071373
-3.4747851688456249e-07,0.082926021605089772
-3.4745351718500418e-07,0.070133410190464929
-3.4742851748544586e-07,0.066343375237920554
-3.4740351778588754e-07,0.071864292294776533
-3.4737851808632923e-07,0.066991390212933766
-3.4735351838677091e-07,0.075154105161345797
-3.473285186872126e-07,0.065060135057137813
-3.4730351898765428e-07,0.070396311002696166
-3.4727851928809597e-07,0.084003204392502084
-3.4725351958853765e-07,0.077017148214508779
-3.4722851988897934e-07,0.048409276587335626
-3.4720352018942102e-07,0.077014306043565739
-3.4717852048986271e-07,0.071088379627326503
-3.4715352079030439e-07,0.075553430178842973
-3.4712852109074607e-07,0.059650062667060411
-3.4710352139118776e-07,0.083878148871008307
-3.4707852169162944e-07,0.057858073887473438
-3.4705352199207113e-07,0.067765881794912275
-3.4702852229251281e-07,0.068585848111979431
-3.470035225929545e-07,0.091588958639476914
-3.4697852289339618e-07,0.097463725978741422
-3.4695352319383787e-07,0.0777291120357404
-3.4692852349427955e-07,0.064743232996988809
-3.4690352379472124e-07,0.065625727074802853
-3.4687852409516292e-07,0.073740125117183197
-3.468535243956046e-07,0.069726979745610151
-3.4682852469604629e-07,0.081608675372990547
-3.4680352499648797e-07,0.073391959176660748
-3.4677852529692966e-07,0.06915286121511599
-3.4675352559737134e-07,0.064225957885355456
-3.4672852589781303e-07,0.096181906883430202
-3.4670352619825471e-07,0.097216457106696907
-3.466785264986964e-07,0.069893246745778015
-3.4665352679913808e-07,0.083572615494631464
-3.4662852709957977e-07,0.084105522546451539
-3.4660352740002145e-07,0.069346128839242738
-3.4657852770046313e-07,0.10154792562389048
-3.4655352800090482e-07,0.07354969966399949
-3.465285283013465e-07,0.072630257363925921
-3.4650352860178819e-07,0.087189278019650374
-3.4647852890222987e-07,0.078472339737345465
-3.4645352920267156e-07,0.090196294877387118
-3.4642852950311324e-07,0.081656992279022234
-3.4640352980355493e-07,0.092899199444218539
-3.4637853010399661e-07,0.075270634170010453
-3.463535304044383e-07,0.054686211115040351
-3.4632853070487998e-07,0.083737461409327807
-3.4630353100532166e-07,0.072233774517371785
-3.4627853130576335e-07,0.082604856288526207
-3.4625353160620503e-07,0.087710816387698287
-3.4622853190664672e-07,0.076931883086217567
-3.462035322070884e-07,0.092583718469541054
-3.4617853250753009e-07,0.075812067734659649
-3.4615353280797177e-07,0.066138738930021646
-3.4612853310841346e-07,0.0893649598765478
-3.4610353340885514e-07,0.07042899596854113
-3.4607853370929683e-07,0.082366113929310814
-3.4605353400973851e-07,0.086734530668763909
-3.4602853431018019e-07,0.093153573743620655
-3.4600353461062188e-07,0.10024763241744949
-3.4597853491106356e-07,0.083694828845182201
-3.4595353521150525e-07,0.085239548752724659
-3.4592853551194693e-07,0.066319216784904711
-3.4590353581238862e-07,0.07666898227398633
-3.458785361128303e-07,0.069333339069999056
-3.4585353641327199e-07,0.097405461474409094
-3.4582853671371367e-07,0.096218855105689727
-3.4580353701415536e-07,0.083568352238216903
-3.4577853731459704e-07,0.077622530625376385
-3.4575353761503872e-07,0.084438056546787266
-3.4572853791548041e-07,0.098586383501242381
-3.4570353821592209e-07,0.10057021881948458
-3.4567853851636378e-07,0.09467981954003335
-3.4565353881680546e-07,0.080410700320499018
-3.4562853911724715e-07,0.090315666056994814
-3.4560353941768883e-07,0.097548991107032634
-3.4557853971813052e-07,0.080548545611236477
-3.455535400185722e-07,0.08050022870520479
-3.4552854031901389e-07,0.086856744019314647
-3.4550354061945557e-07,0.097364249995735008
-3.4547854091989725e-07,0.099559827049233718
-3.4545354122033894e-07,0.097625729722494725
-3.4542854152078062e-07,0.095927532584028086
-3.4540354182122231e-07,0.08418226116191363
-3.4537854212166399e-07,0.10132339411939029
-3.4535354242210568e-07,0.091969809545844328
-3.4532854272254736e-07,0.094377128334599547
-3.4530354302298905e-07,0.082145845681225182
-3.4527854332343073e-07,0.099406349818309536
-3.4525354362387242e-07,0.094277652351593133
-3.452285439243141e-07,0.093599794581677997
-3.4520354422475578e-07,0.11337704108882463
-3.4517854452519747e-07,0.097480779004399665
-3.4515354482563915e-07,0.084223472640587715
-3.4512854512608084e-07,0.090030027877219254
-3.4510354542652252e-07,0.081688256159395678
-3.4507854572696421e-07,0.10291358876202139
-3.4505354602740589e-07,0.10218030865871697
-3.4502854632784758e-07,0.071403860602003988
-3.4500354662828926e-07,0.090572882527339971
-3.4497854692873095e-07,0.1073530597750505
-3.4495354722917263e-07,0.091758067810587818
-3.4492854752961431e-07,0.082863493844342884
-3.44903547830056e-07,0.10891056945183664
-3.4487854813049768e-07,0.11048939541069558
-3.4485354843093937e-07,0.10989111842718557
-3.4482854873138105e-07,0.086143359112611506
-3.4480354903182274e-07,0.089227114585810341
-3.4477854933226442e-07,0.10731326938184793
-3.4475354963270611e-07,0.081870155099750264
-3.4472854993314779e-07,0.099174712886451744
-3.4470355023358948e-07,0.10324185950594256
-3.4467855053403116e-07,0.098076213816966629
-3.4465355083447284e-07,0.10489173973837751
-3.4462855113491453e-07,0.092953200692136306
-3.4460355143535621e-07,0.1029775376082398
-3.445785517357979e-07,0.10778791192933568
-3.4455355203623958e-07,0.091723961759271333
-3.4452855233668127e-07,0.099657881946768612
-3.4450355263712295e-07,0.11114451581306639
-3.4447855293756464e-07,0.10144560746994102
-3.4445355323800632e-07,0.10779928061310784
-3.44428553538448e-07,0.10332712463423377
-3.4440355383888969e-07,0.11699228252837202
-3.4437855413933137e-07,0.10665104355211952
-3.4435355443977306e-07,0.11025349522242323
-3.4432855474021474e-07,0.10532659189266269
-3.4430355504065643e-07,0.10499121572138392
-3.4427855534109811e-07,0.10727063681770233
-3.442535556415398e-07,0.11138467925775331
-3.4422855594198148e-07,0.11850289638459799
-3.4420355624242317e-07,0.093510266196972225
-3.4417855654286485e-07,0.10250005288980901
-3.4415355684330653e-07,0.10392540161774377
-3.4412855714374822e-07,0.1014299755297543
-3.441035574441899e-07,0.12136496252423967
-3.4407855774463159e-07,0.10837055697265896
-3.4405355804507327e-07,0.092751406555180438
-3.4402855834551496e-07,0.1079513367585605
-3.4400355864595664e-07,0.09985967608372448
-3.4397855894639833e-07,0.11062581961596152
-3.4395355924684001e-07,0.12257430626050336
-3.439285595472817e-07,0.11947065559070325
-3.4390355984772338e-07,0.10371934422437334
-3.4387856014816506e-07,0.09638227993491455
-3.4385356044860675e-07,0.11128804544568993
-3.4382856074904843e-07,0.11133352018077858
-3.4380356104949012e-07,0.098478381005406845
-3.437785613499318e-07,0.12389733683448867
-3.4375356165037349e-07,0.11130509847134817
-3.4372856195081517e-07,0.10043237352874712
-3.4370356225125686e-07,0.11323066928525805
-3.4367856255169854e-07,0.12131664561820799
-3.4365356285214023e-07,0.11570477909117471
-3.4362856315258191e-07,0.11656027254502987
-3.4360356345302359e-07,0.11138325817228178
-3.4357856375346528e-07,0.11990124448857387
-3.4355356405390696e-07,0.10870024880205165
-3.4352856435434865e-07,0.092090601810923545
-3.4350356465479033e-07,0.11084750894951867
-3.4347856495523202e-07,0.11647216524579562
-3.434535652556737e-07,0.12230430002091452
-3.4342856555611539e-07,0.11126104482173105
-3.4340356585655707e-07,0.14347847354656551
-3.4337856615699876e-07,0.10469847211425076
-3.4335356645744044e-07,0.11626468676695367
-3.4332856675788212e-07,0.10320206911273999
-3.4330356705832381e-07,0.10434177966089919
-3.4327856735876549e-07,0.10217888757324545
-3.4325356765920718e-07,0.12417444850143511
-3.4322856795964886e-07,0.13714327451452846
-3.4320356826009055e-07,0.1209585320793849
-3.4317856856053223e-07,0.11814051958936034
-3.4315356886097392e-07,0.11105072417194606
-3.431285691614156e-07,0.12056204923283076
-3.4310356946185729e-07,0.13396714848568081
-3.4307856976229897e-07,0.12176855079815141
-3.4305357006274065e-07,0.11076650707764202
-3.4302857036318234e-07,0.13216094885137863
-3.4300357066362402e-07,0.12289547157706693
-3.4297857096406571e-07,0.12545200434033177
-3.4295357126450739e-07,0.10635261560310028
-3.4292857156494908e-07,0.13213394822741975
-3.4290357186539076e-07,0.12869776355728391
-3.4287857216583245e-07,0.10742269296315499
-3.4285357246627413e-07,0.13535412790588452
-3.4282857276671582e-07,0.14721166508024908
-3.428035730671575e-07,0.12140333183197072
-3.4277857336759918e-07,0.11884395689776284
-3.4275357366804087e-07,0.10824976470757974
-3.4272857396848255e-07,0.118011200811452
-3.4270357426892424e-07,0.13916121588408714
-3.4267857456936592e-07,0.1451311959499435
-3.4265357486980761e-07,0.14459828889812343
-3.4262857517024929e-07,0.12948788707944914
-3.4260357547069098e-07,0.13385772490437375
-3.4257857577113266e-07,0.1319193643212202
-3.4255357607157435e-07,0.12681624639299116
-3.4252857637201603e-07,0.13287149158713873
-3.4250357667245771e-07,0.12433218898877385
-3.424785769728994e-07,0.15263594832504168
-3.4245357727334108e-07,0.1410228378517786
-3.4242857757378277e-07,0.10843734798982041
-3.4240357787422445e-07,0.10661977967174607
-3.4237857817466614e-07,0.1137834715336794
-3.4235357847510782e-07,0.12773710977853625
-3.4232857877554951e-07,0.13069154647382675
-3.4230357907599119e-07,0.13586003433374572
-3.4227857937643288e-07,0.11691838608385297
-3.4225357967687456e-07,0.13417320587905124
-3.4222857997731624e-07,0.14156995575831388
-3.4220358027775793e-07,0.10898020263994113
-3.4217858057819961e-07,0.12746141919706133
-3.421535808786413e-07,0.14563710237780469
-3.4212858117908298e-07,0.12238388080731966
-3.4210358147952467e-07,0.12001919458271004
-3.4207858177996635e-07,0.12447287645045435
-3.4205358208040804e-07,0.11655458820314379
-3.4202858238084972e-07,0.13230163631305913
-3.4200358268129141e-07,0.1260943349734589
-3.4197858298173309e-07,0.10903420388785889
-3.4195358328217477e-07,0.12389165249260259
-3.4192858358261646e-07,0.13759944295088644
-3.4190358388305814e-07,0.12068568366885302
-3.4187858418349983e-07,0.12593375231517712
-3.4185358448394151e-07,0.15675141185056418
-3.418285847843832e-07,0.13107808172208024
-3.4180358508482488e-07,0.13489085404216894
-3.4177858538526657e-07,0.13285159639053745
-3.4175358568570825e-07,0.13127134934620699
-3.4172858598614994e-07,0.12498730939114466
-3.4170358628659162e-07,0.14845085161141469
-3.416785865870333e-07,0.11990977100140299
-3.4165358688747499e-07,0.134754429836903
-3.4162858718791667e-07,0.12432366247594473
-3.4160358748835836e-07,0.1340083599643549
-3.4157858778880004e-07,0.13072138926872867
-3.4155358808924173e-07,0.12823875294998288
-3.4152858838968341e-07,0.1452150399927632
-3.415035886901251e-07,0.14863843489365536
-3.4147858899056678e-07,0.13804850595988682
-3.4145358929100847e-07,0.1412544747836364
-3.4142858959145015e-07,0.15971863831509836
-3.4140358989189183e-07,0.12162217899458483
-3.4137859019233352e-07,0.12745431376970373
-3.413535904927752e-07,0.1514550262982084
-3.4132859079321689e-07,0.13591829883807804
-3.4130359109365857e-07,0.1338818833573896
-3.4127859139410026e-07,0.13094449968775734
-3.4125359169454194e-07,0.14052972119316109
-3.4122859199498363e-07,0.14033219031261979
-3.4120359229542531e-07,0.12856560260843253
-3.41178592595867e-07,0.12132375104556559
-3.4115359289630868e-07,0.13272796195451519
-3.4112859319675036e-07,0.15430288158313488
-3.4110359349719205e-07,0.12776268931702361
-3.4107859379763373e-07,0.11839063063234789
-3.4105359409807542e-07,0.14345857834996423
-3.410285943985171e-07,0.15354970628322917
-3.4100359469895879e-07,0.15480310366910999
-3.4097859499940047e-07,0.15396039998449851
-3.4095359529984216e-07,0.13659899877893622
-3.4092859560028384e-07,0.13634888773594867
-3.4090359590072553e-07,0.14418191085496801
-3.4087859620116721e-07,0.15058532198963803
-3.4085359650160889e-07,0.12841923080486595
-3.4082859680205058e-07,0.14404974990611663
-3.4080359710249226e-07,0.14568968254025094
-3.4077859740293395e-07,0.15676988596169394
-3.4075359770337563e-07,0.1255671122635249
-3.4072859800381732e-07,0.14179306617734255
-3.40703598304259e-07,0.15022010302345734
-3.4067859860470069e-07,0.13254464192868909
-3.4065359890514237e-07,0.14096883660386084
-3.4062859920558406e-07,0.14766214917472098
-3.4060359950602574e-07,0.13581598068412859
-3.4057859980646742e-07,0.13778844731859863
-3.4055360010690911e-07,0.15464394209629972
-3.4052860040735079e-07,0.14146479543342139
-3.4050360070779248e-07,0.14469208053924376
-3.4047860100823416e-07,0.15166961020440795
-3.4045360130867585e-07,0.16742518482715241
-3.4042860160911753e-07,0.15639614048268413
-3.4040360190955922e-07,0.15858319102335372
-3.403786022100009e-07,0.13298375733938883
-3.4035360251044259e-07,0.15764101135573583
-3.4032860281088427e-07,0.16162431393240695
-3.4030360311132595e-07,0.14898660083417781
-3.4027860341176764e-07,0.15491110616494552
-3.4025360371220932e-07,0.15053132074172026
-3.4022860401265101e-07,0.12577743291330989
-3.4020360431309269e-07,0.14927934444131097
-3.4017860461353438e-07,0.16211743059102446
-3.4015360491397606e-07,0.14901360145813669
-3.4012860521441775e-07,0.1486554879193136
-3.4010360551485943e-07,0.13533423270928324
-3.4007860581530111e-07,0.14404122339328751
-3.400536061157428e-07,0.17753620795701863
-3.4002860641618448e-07,0.13618688399219536
-3.4000360671662617e-07,0.13650236496687285
-3.3997860701706785e-07,0.14031087403054698
-3.3995360731750954e-07,0.14164243111736141
-3.3992860761795122e-07,0.15717773749202024
-3.3990360791839291e-07,0.13179572988519794
-3.3987860821883459e-07,0.15391492524940986
-3.3985360851927628e-07,0.15827481547603384
-3.3982860881971796e-07,0.14270256087911548
-3.3980360912015964e-07,0.13284875421959441
-3.3977860942060133e-07,0.14651106994278962
-3.3975360972104301e-07,0.15132428643482854
-3.397286100214847e-07,0.14298109363153344
-3.3970361032192638e-07,0.15015757526271045
-3.3967861062236807e-07,0.16543708625249565
-3.3965361092280975e-07,0.15729710867162794
-3.3962861122325144e-07,0.15036363265608088
-3.3960361152369312e-07,0.15785133200552082
-3.3957861182413481e-07,0.13825030009684269
-3.3955361212457649e-07,0.13940848475613166
-3.3952861242501817e-07,0.14546088777933619
-3.3950361272545986e-07,0.15805454722794821
-3.3947861302590154e-07,0.14961472061258974
-3.3945361332634323e-07,0.15013483789516613
-3.3942861362678491e-07,0.16909638134166016
-3.394036139272266e-07,0.16725181239962694
-3.3937861422766828e-07,0.13387904118644656
-3.3935361452810997e-07,0.15325269941968145
-3.3932861482855165e-07,0.15110543927221443
-3.3930361512899334e-07,0.15738379488539067
-3.3927861542943502e-07,0.1811571337384521
-3.392536157298767e-07,0.15701147049185238
-3.3922861603031839e-07,0.14835705997029436
-3.3920361633076007e-07,0.1448285047445097
-3.3917861663120176e-07,0.17012240505209775
-3.3915361693164344e-07,0.15909762396404403
-3.3912861723208513e-07,0.14005081538925879
-3.3910361753252681e-07,0.15068053471622989
-3.390786178329685e-07,0.16569572380831232
-3.3905361813341018e-07,0.14285461702456814
-3.3902861843385187e-07,0.14898944300512085
-3.3900361873429355e-07,0.15567138689220883
-3.3897861903473523e-07,0.15978827150320285
-3.3895361933517692e-07,0.16443664208054543
-3.389286196356186e-07,0.15085390714375535
-3.3890361993606029e-07,0.16208900888159405
-3.3887862023650197e-07,0.15558327959297458
-3.3885362053694366e-07,0.14963603689466254
-3.3882862083738534e-07,0.14009629012434743
-3.3880362113782703e-07,0.1503437374594796
-3.3877862143826871e-07,0.1643641667214979
-3.387536217387104e-07,0.17310100020040409
-3.3872862203915208e-07,0.15770496020195424
-3.3870362233959376e-07,0.17055867829185445
-3.3867862264003545e-07,0.14672849601993221
-3.3865362294047713e-07,0.14404832882064511
-3.3862862324091882e-07,0.1658207793298061
-3.386036235413605e-07,0.1400309201926575
-3.3857862384180219e-07,0.13892105243940023
-3.3855362414224387e-07,0.16566019667152432
-3.3852862444268556e-07,0.16744365893828217
-3.3850362474312724e-07,0.15805881048436277
-3.3847862504356893e-07,0.15600107872160152
-3.3845362534401061e-07,0.15696883792770677
-3.3842862564445229e-07,0.18560086800789577
-3.3840362594489398e-07,0.14781562640564516
-3.3837862624533566e-07,0.17338379620923661
-3.3835362654577735e-07,0.15342322967626387
-3.3832862684621903e-07,0.17545431774124154
-3.3830362714666072e-07,0.14549925708706724
-3.382786274471024e-07,0.16603252106506261
-3.3825362774754409e-07,0.14108962886894005
-3.3822862804798577e-07,0.17140280306193745
-3.3820362834842746e-07,0.14686634131066967
-3.3817862864886914e-07,0.16896848364922334
-3.3815362894931082e-07,0.18270327473146608
-3.3812862924975251e-07,0.16655548051858204
-3.3810362955019419e-07,0.15322001445383648
-3.3807862985063588e-07,0.18768986365103046
-3.3805363015107756e-07,0.15292158650481724
-3.3802863045151925e-07,0.16574119854340097
-3.3800363075196093e-07,0.14475887155640521
-3.3797863105240262e-07,0.16196253227462876
-3.379536313528443e-07,0.15345875681305188
-3.3792863165328599e-07,0.16151062709468533
-3.3790363195372767e-07,0.16566019667152432
-3.3787863225416935e-07,0.16727597085264279
-3.3785363255461104e-07,0.17182202327603591
-3.3782863285505272e-07,0.14860432884233887
-3.3780363315549441e-07,0.1689585360509227
-3.3777863345593609e-07,0.16500791844009655
-3.3775363375637778e-07,0.15754579862914397
-3.3772863405681946e-07,0.15652545926059247
-3.3770363435726115e-07,0.16858905382832745
-3.3767863465770283e-07,0.15686225651734276
-3.3765363495814452e-07,0.17026025034283521
-3.376286352585862e-07,0.16811156910989666
-3.3760363555902788e-07,0.1838017738009512
-3.3757863585946957e-07,0.17727899148667348
-3.3755363615991125e-07,0.16910775002543232
-3.3752863646035294e-07,0.16918448864089441
-3.3750363676079462e-07,0.17518857475806726
-3.3747863706123631e-07,0.17923440509548527
-3.3745363736167799e-07,0.16837731209307094
-3.3742863766211968e-07,0.15133991837501526
-3.3740363796256136e-07,0.17597443502381793
-3.3737863826300305e-07,0.17382717487635091
-3.3735363856344473e-07,0.1833939222706249
-3.3732863886388641e-07,0.1635271473787725
-3.373036391643281e-07,0.14860717101328191
-3.3727863946476978e-07,0.1657014081501984
-3.3725363976521147e-07,0.16259349422398373
-3.3722864006565315e-07,0.15745769132990972
-3.3720364036609484e-07,0.15595418290104135
-3.3717864066653652e-07,0.15671588471377618
-3.3715364096697821e-07,0.16386962897740887
-3.3712864126741989e-07,0.1649553382776503
-3.3710364156786158e-07,0.17659260720392922
-3.3707864186830326e-07,0.15469510117327445
-3.3705364216874494e-07,0.16135146552187507
-3.3702864246918663e-07,0.14537278048010194
-3.3700364276962831e-07,0.14967440620239358
-3.3697864307007e-07,0.16656684920235421
-3.3695364337051168e-07,0.17349748304695822
-3.3692864367095337e-07,0.15409540310429293
-3.3690364397139505e-07,0.15735253100501723
-3.3687864427183674e-07,0.16378720602006069
-3.3685364457227842e-07,0.15680683418395347
-3.3682864487272011e-07,0.16311076933561708
-3.3680364517316179e-07,0.17499530713394051
-3.3677864547360347e-07,0.1581881292622711
-3.3675364577404516e-07,0.15750174497952685
-3.3672864607448684e-07,0.16314913864334812
-3.3670364637492853e-07,0.16351577869500034
-3.3667864667537021e-07,0.20363302155601559
-3.366536469758119e-07,0.1765911861184577
-3.3662864727625358e-07,0.16142820413733716
-3.3660364757669527e-07,0.16693348925400642
-3.3657864787713695e-07,0.16096493027362158
-3.3655364817757864e-07,0.14572663076251047
-3.3652864847802032e-07,0.18422099401504965
-3.36503648778462e-07,0.17087273818106041
-3.3647864907890369e-07,0.16592025531281251
-3.3645364937934537e-07,0.16759997834014939
-3.3642864967978706e-07,0.17365664461976849
-3.3640364998022874e-07,0.16545698144909693
-3.3637865028067043e-07,0.16918590972636594
-3.3635365058111211e-07,0.16090950794023229
-3.363286508815538e-07,0.17132038010458928
-3.3630365118199548e-07,0.15851213674977771
-3.3627865148243717e-07,0.18095391851602471
-3.3625365178287885e-07,0.17621317738303333
-3.3622865208332053e-07,0.17388401829521172
-3.3620365238376222e-07,0.16875816299943835
-3.361786526842039e-07,0.1691901729827805
-3.3615365298464559e-07,0.16951133829934406
-3.3612865328508727e-07,0.19036008325201692
-3.3610365358552896e-07,0.17864891788121895
-3.3607865388597064e-07,0.17986536704484024
-3.3605365418641233e-07,0.16544845493626781
-3.3602865448685401e-07,0.16005117231543409
-3.360036547872957e-07,0.16994050611174316
-3.3597865508773738e-07,0.17396928342350293
-3.3595365538817906e-07,0.1634290924812376
-3.3592865568862075e-07,0.17379448991050594
-3.3590365598906243e-07,0.16798651358840289
