zp_m,df_hz
-3.8740288642286466e-07,-12.397360649174516
-3.8737788672330634e-07,-12.257810055871232
-3.8735288702374803e-07,-12.140932881266053
-3.8732788732418971e-07,-12.047932784753357
-3.873028876246314e-07,-11.944351285819721
-3.8727788792507308e-07,-11.8441022323168
-3.8725288822551476e-07,-11.753330397823447
-3.8722788852595645e-07,-11.657640186513163
-3.8720288882639813e-07,-11.581502690205525
-3.8717788912683982e-07,-11.479083639187593
-3.871528894272815e-07,-11.380652154002746
-3.8712788972772319e-07,-11.295391288967949
-3.8710289002816487e-07,-11.196243576705456
-3.8707789032860656e-07,-11.119362852696213
-3.8705289062904824e-07,-11.041096570352238
-3.8702789092948992e-07,-10.906744307703775
-3.8700289122993161e-07,-10.866592958791443
-3.8697789153037329e-07,-10.788343729473127
-3.8695289183081498e-07,-10.685876361549163
-3.8692789213125666e-07,-10.622252943903732
-3.8690289243169835e-07,-10.528167138090794
-3.8687789273214003e-07,-10.451483944962092
-3.8685289303258172e-07,-10.371485359428334
-3.868278933330234e-07,-10.293291552443407
-3.8680289363346509e-07,-10.206088063569041
-3.8677789393390677e-07,-10.140185224827292
-3.8675289423434845e-07,-10.056909616196208
-3.8672789453479014e-07,-9.9859747137998056
-3.8670289483523182e-07,-9.9176574508419435
-3.8667789513567351e-07,-9.8678441418087459
-3.8665289543611519e-07,-9.791517641133396
-3.8662789573655688e-07,-9.7176723556913203
-3.8660289603699856e-07,-9.6621846523703425
-3.8657789633744025e-07,-9.594786831712554
-3.8655289663788193e-07,-9.4976940090418793
-3.8652789693832362e-07,-9.4341402245845529
-3.865028972387653e-07,-9.3691937763651367
-3.8647789753920698e-07,-9.3149807867121126
-3.8645289783964867e-07,-9.2489017333718948
-3.8642789814009035e-07,-9.1838899152207887
-3.8640289844053204e-07,-9.1098172561032698
-3.8637789874097372e-07,-9.0271555563958827
-3.8635289904141541e-07,-8.9571102535046521
-3.8632789934185709e-07,-8.91267717406663
-3.8630289964229878e-07,-8.8458762093068799
-3.8627789994274046e-07,-8.7668638570903568
-3.8625290024318215e-07,-8.7328544395859353
-3.8622790054362383e-07,-8.6443634472743724
-3.8620290084406551e-07,-8.569270448788302
-3.861779011445072e-07,-8.5156983686829335
-3.8615290144494888e-07,-8.4696822000296379
-3.8612790174539057e-07,-8.419564778705535
-3.8610290204583225e-07,-8.3570384390441177
-3.8607790234627394e-07,-8.3100061942786851
-3.8605290264671562e-07,-8.2372395127094933
-3.8602790294715731e-07,-8.1875427326849604
-3.8600290324759899e-07,-8.1196745327360986
-3.8597790354804068e-07,-8.0717228456705925
-3.8595290384848236e-07,-8.0114276101994619
-3.8592790414892404e-07,-7.9707206168677658
-3.8590290444936573e-07,-7.9265902286351775
-3.8587790474980741e-07,-7.8797299352117989
-3.858529050502491e-07,-7.7998407732593478
-3.8582790535069078e-07,-7.755922126762016
-3.8580290565113247e-07,-7.7045044122314721
-3.8577790595157415e-07,-7.6657983072436764
-3.8575290625201584e-07,-7.5974753599439282
-3.8572790655245752e-07,-7.5549749567471736
-3.8570290685289921e-07,-7.5271913146934821
-3.8567790715334089e-07,-7.4827539719990455
-3.8565290745378257e-07,-7.4322173304608441
-3.8562790775422426e-07,-7.3848411830113037
-3.8560290805466594e-07,-7.3180871140721138
-3.8557790835510763e-07,-7.3047118576141656
-3.8555290865554931e-07,-7.2560723651804437
-3.85527908955991e-07,-7.1988054628491227
-3.8550290925643268e-07,-7.1649822075414704
-3.8547790955687437e-07,-7.1291921699412342
-3.8545290985731605e-07,-7.0835426413395908
-3.8542791015775774e-07,-7.0459847734127834
-3.8540291045819942e-07,-6.9783268941137067
-3.853779107586411e-07,-6.9451061790459789
-3.8535291105908279e-07,-6.9119209911150392
-3.8532791135952447e-07,-6.8749955062230583
-3.8530291165996616e-07,-6.8136230879645154
-3.8527791196040784e-07,-6.7705371975534945
-3.8525291226084953e-07,-6.7610713472276984
-3.8522791256129121e-07,-6.6978472545997647
-3.852029128617329e-07,-6.6556069100442983
-3.8517791316217458e-07,-6.6339140403215424
-3.8515291346261627e-07,-6.5852461261783901
-3.8512791376305795e-07,-6.5510221247677691
-3.8510291406349963e-07,-6.5237287572017522
-3.8507791436394132e-07,-6.4785254494381661
-3.85052914664383e-07,-6.4421584511364927
-3.8502791496482469e-07,-6.3923877746674407
-3.8500291526526637e-07,-6.3570695374437491
-3.8497791556570806e-07,-6.3219246726475831
-3.8495291586614974e-07,-6.2905598952056607
-3.8492791616659143e-07,-6.2629680996906245
-3.8490291646703311e-07,-6.2154427382665745
-3.848779167674748e-07,-6.1810638385395578
-3.8485291706791648e-07,-6.151252307518007
-3.8482791736835816e-07,-6.1373995663416281
-3.8480291766879985e-07,-6.0966215187363559
-3.8477791796924153e-07,-6.0580802596632566
-3.8475291826968322e-07,-6.0511311517075228
-3.847279185701249e-07,-5.9842463429049531
-3.8470291887056659e-07,-5.960605165000743
-3.8467791917100827e-07,-5.9213107306277379
-3.8465291947144996e-07,-5.8853160567196028
-3.8462791977189164e-07,-5.8564538107930275
-3.8460292007233333e-07,-5.8098081012758485
-3.8457792037277501e-07,-5.7912401985049655
-3.8455292067321669e-07,-5.7582965951041842
-3.8452792097365838e-07,-5.7228106697948533
-3.8450292127410006e-07,-5.6797901493155223
-3.8447792157454175e-07,-5.6628664424351882
-3.8445292187498343e-07,-5.6250371471833205
-3.8442792217542512e-07,-5.5962757983252231
-3.844029224758668e-07,-5.5516053976134572
-3.8437792277630849e-07,-5.5359919315378647
-3.8435292307675017e-07,-5.522929313883651
-3.8432792337719186e-07,-5.4916725389375642
-3.8430292367763354e-07,-5.4505065349985671
-3.8427792397807522e-07,-5.4171792385204753
-3.8425292427851691e-07,-5.3976179970049998
-3.8422792457895859e-07,-5.3856410886510275
-3.8420292487940028e-07,-5.3513488751377736
-3.8417792517984196e-07,-5.3274092692845443
-3.8415292548028365e-07,-5.3018439416518959
-3.8412792578072533e-07,-5.2672362471639644
-3.8410292608116702e-07,-5.2410086937015876
-3.840779263816087e-07,-5.2055852961530036
-3.8405292668205039e-07,-5.1797400146824657
-3.8402792698249207e-07,-5.1616254381769977
-3.8400292728293375e-07,-5.1306429327269143
-3.8397792758337544e-07,-5.1068681727883813
-3.8395292788381712e-07,-5.0950092145285453
-3.8392792818425881e-07,-5.0680881713560666
-3.8390292848470049e-07,-5.0408516472089104
-3.8387792878514218e-07,-5.0150333663623314
-3.8385292908558386e-07,-4.9846534011521726
-3.8382792938602555e-07,-4.9649386824057729
-3.8380292968646723e-07,-4.9498581233820005
-3.8377792998690892e-07,-4.9155147507917718
-3.837529302873506e-07,-4.8984475142788142
-3.8372793058779228e-07,-4.859035129811673
-3.8370293088823397e-07,-4.8390631945949281
-3.8367793118867565e-07,-4.8286651121998148
-3.8365293148911734e-07,-4.8261028950946638
-3.8362793178955902e-07,-4.7824912030591804
-3.8360293209000071e-07,-4.7511321099591441
-3.8357793239044239e-07,-4.7464865815527446
-3.8355293269088408e-07,-4.7169024242066371
-3.8352793299132576e-07,-4.684923737841018
-3.8350293329176745e-07,-4.6633303441012686
-3.8347793359220913e-07,-4.6549544663321285
-3.8345293389265081e-07,-4.6360000283129921
-3.834279341930925e-07,-4.6014548615858075
-3.8340293449353418e-07,-4.5906588752586686
-3.8337793479397587e-07,-4.5466777010005899
-3.8335293509441755e-07,-4.5520806679633097
-3.8332793539485924e-07,-4.5285730720934225
-3.8330293569530092e-07,-4.4956308897781128
-3.8327793599574261e-07,-4.4683801547762414
-3.8325293629618429e-07,-4.4606821347770165
-3.8322793659662598e-07,-4.4286196043685777
-3.8320293689706766e-07,-4.4240593410904694
-3.8317793719750934e-07,-4.4023082068633812
-3.8315293749795103e-07,-4.372006401354156
-3.8312793779839271e-07,-4.352342841684731
-3.831029380988344e-07,-4.3293937324051512
-3.8307793839927608e-07,-4.3078372868876613
-3.8305293869971777e-07,-4.2780442299772403
-3.8302793900015945e-07,-4.2710283310043451
-3.8300293930060114e-07,-4.2477381612116005
-3.8297793960104282e-07,-4.2259927113263984
-3.8295293990148451e-07,-4.2161701685472508
-3.8292794020192619e-07,-4.1963204466810566
-3.8290294050236787e-07,-4.1709810716383799
-3.8287794080280956e-07,-4.1598212874305318
-3.8285294110325124e-07,-4.1423476204727194
-3.8282794140369293e-07,-4.1212032897419704
-3.8280294170413461e-07,-4.1139159634440148
-3.827779420045763e-07,-4.0887897512220661
-3.8275294230501798e-07,-4.0668126644050062
-3.8272794260545967e-07,-4.0497781128578936
-3.8270294290590135e-07,-4.0288441027769295
-3.8267794320634304e-07,-4.0114045418704336
-3.8265294350678472e-07,-3.9876582036413311
-3.826279438072264e-07,-3.9694100451015402
-3.8260294410766809e-07,-3.9529268747173774
-3.8257794440810977e-07,-3.9389561834468623
-3.8255294470855146e-07,-3.9328440948338539
-3.8252794500899314e-07,-3.9010842556308489
-3.8250294530943483e-07,-3.8921086797927273
-3.8247794560987651e-07,-3.8856086348459939
-3.824529459103182e-07,-3.8633388044218009
-3.8242794621075988e-07,-3.8398255242100277
-3.8240294651120156e-07,-3.8198876950445992
-3.8237794681164325e-07,-3.8140996139190975
-3.8235294711208493e-07,-3.8031288340789615
-3.8232794741252662e-07,-3.8033959981476073
-3.823029477129683e-07,-3.7933716612315038
-3.8227794801340999e-07,-3.7632318594660319
-3.8225294831385167e-07,-3.7553817833213543
-3.8222794861429336e-07,-3.7417279941109882
-3.8220294891473504e-07,-3.7153697007852315
-3.8217794921517673e-07,-3.7100406302670308
-3.8215294951561841e-07,-3.6903472278027039
-3.8212794981606009e-07,-3.6834379102401726
-3.8210295011650178e-07,-3.6558517990670225
-3.8207795041694346e-07,-3.6458288832363905
-3.8205295071738515e-07,-3.6348382081996533
-3.8202795101782683e-07,-3.6208334108778217
-3.8200295131826852e-07,-3.6014512261317577
-3.819779516187102e-07,-3.5878656490240246
-3.8195295191915189e-07,-3.5715217450160708
-3.8192795221959357e-07,-3.5512002227733319
-3.8190295252003526e-07,-3.5308715951032354
-3.8187795282047694e-07,-3.5277054166726884
-3.8185295312091862e-07,-3.5087026617475203
-3.8182795342136031e-07,-3.4905198731394194
-3.8180295372180199e-07,-3.4788811831276689
-3.8177795402224368e-07,-3.4674428661674028
-3.8175295432268536e-07,-3.4515863944761804
-3.8172795462312705e-07,-3.4369421086921648
-3.8170295492356873e-07,-3.414375271404424
-3.8167795522401042e-07,-3.4019663530671096
-3.816529555244521e-07,-3.3946875532819831
-3.8162795582489379e-07,-3.3696608170430409
-3.8160295612533547e-07,-3.365730094628816
-3.8157795642577715e-07,-3.3583845038265281
-3.8155295672621884e-07,-3.3365111562488892
-3.8152795702666052e-07,-3.3289012435488985
-3.8150295732710221e-07,-3.318841379496007
-3.8147795762754389e-07,-3.2910989489209896
-3.8145295792798558e-07,-3.2895670187826909
-3.8142795822842726e-07,-3.2703894703445258
-3.8140295852886895e-07,-3.2567058383392578
-3.8137795882931063e-07,-3.2424964047095273
-3.8135295912975232e-07,-3.2330078170161869
-3.81327959430194e-07,-3.2213364420385915
-3.8130295973063568e-07,-3.2008017569751246
-3.8127796003107737e-07,-3.1891744356471463
-3.8125296033151905e-07,-3.185496666446852
-3.8122796063196074e-07,-3.173184381921601
-3.8120296093240242e-07,-3.1686454349255655
-3.8117796123284411e-07,-3.1527648047813273
-3.8115296153328579e-07,-3.1271525813281187
-3.8112796183372748e-07,-3.1270758427126566
-3.8110296213416916e-07,-3.1225752650243521
-3.8107796243461085e-07,-3.098051593042328
-3.8105296273505253e-07,-3.0968180908530485
-3.8102796303549421e-07,-3.0765505698582274
-3.810029633359359e-07,-3.0722418387085781
-3.8097796363637758e-07,-3.0489729851979064
-3.8095296393681927e-07,-3.0430783226620406
-3.8092796423726095e-07,-3.0284653007583984
-3.8090296453770264e-07,-3.019678729287989
-3.8087796483814432e-07,-3.0150175689414027
-3.8085296513858601e-07,-3.003006554536114
-3.8082796543902769e-07,-2.9892675001974567
-3.8080296573946938e-07,-2.9736710871475225
-3.8077796603991106e-07,-2.9679270596716378
-3.8075296634035274e-07,-2.9527910783144762
-3.8072796664079443e-07,-2.9531904033319734
-3.8070296694123611e-07,-2.9357124731177464
-3.806779672416778e-07,-2.9191781436566089
-3.8065296754211948e-07,-2.9047527050352073
-3.8062796784256117e-07,-2.8977069632674102
-3.8060296814300285e-07,-2.8912040761497337
-3.8057796844344454e-07,-2.8814568509005767
-3.8055296874388622e-07,-2.8725267497975437
-3.8052796904432791e-07,-2.8540839025481546
-3.8050296934476959e-07,-2.8351749392641068
-3.8047796964521127e-07,-2.8346406111268152
-3.8045296994565296e-07,-2.8092927095713094
-3.8042797024609464e-07,-2.8068996016372694
-3.8040297054653633e-07,-2.7956204462498135
-3.8037797084697801e-07,-2.786543973343214
-3.803529711474197e-07,-2.7872275154550152
-3.8032797144786138e-07,-2.7714094130715239
-3.8030297174830307e-07,-2.7618270337370632
-3.8027797204874475e-07,-2.7438829874881776
-3.8025297234918644e-07,-2.7364805532670289
-3.8022797264962812e-07,-2.7402109026297694
-3.802029729500698e-07,-2.7137133429278038
-3.8017797325051149e-07,-2.7206667141399521
-3.8015297355095317e-07,-2.7029514626519813
-3.8012797385139486e-07,-2.6924027451968868
-3.8010297415183654e-07,-2.68503015377064
-3.8007797445227823e-07,-2.6735278879641555
-3.8005297475271991e-07,-2.6695431643020129
-3.800279750531616e-07,-2.6601512104207359
-3.8000297535360328e-07,-2.643594143592054
-3.7997797565404497e-07,-2.6472235958863166
-3.7995297595448665e-07,-2.6260437380187795
-3.7992797625492833e-07,-2.6095477778653731
-3.7990297655537002e-07,-2.603665905098751
-3.798779768558117e-07,-2.5932521907634509
-3.7985297715625339e-07,-2.585551328593283
-3.7982797745669507e-07,-2.5698085437397822
-3.7980297775713676e-07,-2.5647707957432431
-3.7977797805757844e-07,-2.5573768880349235
-3.7975297835802013e-07,-2.5418231075491349
-3.7972797865846181e-07,-2.5451100782447611
-3.797029789589035e-07,-2.5377957513228466
-3.7967797925934518e-07,-2.5311337026323599
-3.7965297955978686e-07,-2.5224395017175993
-3.7962797986022855e-07,-2.5142938397948456
-3.7960298016067023e-07,-2.4918705321397283
-3.7957798046111192e-07,-2.4908132445489173
-3.795529807615536e-07,-2.4904139195314201
-3.7952798106199529e-07,-2.4804194254102185
-3.7950298136243697e-07,-2.4611694016130059
-3.7947798166287866e-07,-2.4502767814738036
-3.7945298196332034e-07,-2.4574418944212084
-3.7942798226376203e-07,-2.4314161350957875
-3.7940298256420371e-07,-2.4320229385921266
-3.7937798286464539e-07,-2.4186689984162513
-3.7935298316508708e-07,-2.4108672391776054
-3.7932798346552876e-07,-2.4111372454171942
-3.7930298376597045e-07,-2.4063325554379844
-3.7927798406641213e-07,-2.4002630993891216
-3.7925298436685382e-07,-2.3768905066390289
-3.792279846672955e-07,-2.3771974611008773
-3.7920298496773719e-07,-2.3637966251044418
-3.7917798526817887e-07,-2.3572880536448793
-3.7915298556862056e-07,-2.3485966949010617
-3.7912798586906224e-07,-2.3493853973377554
-3.7910298616950392e-07,-2.3238342805598222
-3.7907798646994561e-07,-2.3195326548375306
-3.7905298677038729e-07,-2.3227997303365555
-3.7902798707082898e-07,-2.3120605874282774
-3.7900298737127066e-07,-2.2993063453213836
-3.7897798767171235e-07,-2.2841632585368643
-3.7895298797215403e-07,-2.2964300683270267
-3.7892798827259572e-07,-2.2839259372631204
-3.789029885730374e-07,-2.2647128616881673
-3.7887798887347909e-07,-2.2624092821388331
-3.7885298917392077e-07,-2.2545080469171808
-3.7882798947436245e-07,-2.2486460693471599
-3.7880298977480414e-07,-2.238273566490534
-3.7877799007524582e-07,-2.2309478708848474
-3.7875299037568751e-07,-2.2289924572760356
-3.7872799067612919e-07,-2.2211295913621143
-3.7870299097657088e-07,-2.2123330722934043
-3.7867799127701256e-07,-2.2099769125816238
-3.7865299157745425e-07,-2.1925416149315424
-3.7862799187789593e-07,-2.1779484882245015
-3.7860299217833762e-07,-2.172428992253117
-3.785779924787793e-07,-2.1829450247423665
-3.7855299277922098e-07,-2.176824409616529
-3.7852799307966267e-07,-2.1657811544173455
-3.7850299338010435e-07,-2.1503808511624811
-3.7847799368054604e-07,-2.1591461063508177
-3.7845299398098772e-07,-2.139576338322513
-3.7842799428142941e-07,-2.1348995460357401
-3.7840299458187109e-07,-2.1234654923318885
-3.7837799488231278e-07,-2.1211675971244404
-3.7835299518275446e-07,-2.108619412410917
-3.7832799548319615e-07,-2.1020611029598513
-3.7830299578363783e-07,-2.1002378502998909
-3.7827799608407951e-07,-2.0891491203656187
-3.782529963845212e-07,-2.0969906699974672
-3.7822799668496288e-07,-2.0827968683079234
-3.7820299698540457e-07,-2.0770627884303394
-3.7817799728584625e-07,-2.0726844240925857
-3.7815299758628794e-07,-2.0623474483727477
-3.7812799788672962e-07,-2.0477273210417479
-3.7810299818717131e-07,-2.0394438138282567
-3.7807799848761299e-07,-2.0368005948512291
-3.7805299878805467e-07,-2.0228497987773153
-3.7802799908849636e-07,-2.0197362005092145
-3.7800299938893804e-07,-2.0300930714256538
-3.7797799968937973e-07,-2.0174695691821398
-3.7795299998982141e-07,-2.0122371324760024
-3.779280002902631e-07,-2.0081373008906667
-3.7790300059070478e-07,-1.9949396801166586
-3.7787800089114647e-07,-2.003024235364137
-3.7785300119158815e-07,-1.9817932184196252
-3.7782800149202984e-07,-1.9846439158754947
-3.7780300179247152e-07,-1.9782476101681823
-3.777780020929132e-07,-1.9661669625747891
-3.7775300239335489e-07,-1.9602580891842081
-3.7772800269379657e-07,-1.956908590727835
-3.7770300299423826e-07,-1.9453267441349453
-3.7767800329467994e-07,-1.9369750248188211
-3.7765300359512163e-07,-1.930210657974385
-3.7762800389556331e-07,-1.9263637796029798
-3.77603004196005e-07,-1.9225907976760936
-3.7757800449644668e-07,-1.9125636185890471
-3.7755300479688837e-07,-1.9090677483291074
-3.7752800509733005e-07,-1.9071464407716121
-3.7750300539777173e-07,-1.9081909385931795
-3.7747800569821342e-07,-1.8859779515878472
-3.774530059986551e-07,-1.8898063558481226
-3.7742800629909679e-07,-1.8815413227457611
-3.7740300659953847e-07,-1.8668416146283562
-3.7737800689998016e-07,-1.8670831991585146
-3.7735300720042184e-07,-1.8745708985079546
-3.7732800750086353e-07,-1.8591848061078053
-3.7730300780130521e-07,-1.8481230767974921
-3.772780081017469e-07,-1.8538102608545159
-3.7725300840218858e-07,-1.8408528035251948
-3.7722800870263026e-07,-1.8302642956768977
-3.7720300900307195e-07,-1.8282946712133707
-3.7717800930351363e-07,-1.8238665688841138
-3.7715300960395532e-07,-1.8178795357925992
-3.77128009904397e-07,-1.8154295844396984
-3.7710301020483869e-07,-1.821807416035881
-3.7707801050528037e-07,-1.8007185076385213
-3.7705301080572206e-07,-1.8053285089081328
-3.7702801110616374e-07,-1.7949460584532062
-3.7700301140660543e-07,-1.7906359062180854
-3.7697801170704711e-07,-1.7879727920444566
-3.7695301200748879e-07,-1.7810506847126817
-3.7692801230793048e-07,-1.7723039036354749
-3.7690301260837216e-07,-1.7753521319718857
-3.7687801290881385e-07,-1.7769650639820611
-3.7685301320925553e-07,-1.7488375192442618
-3.7682801350969722e-07,-1.7531874618725851
-3.768030138101389e-07,-1.7541680108479341
-3.7677801411058059e-07,-1.7401958984919474
-3.7675301441102227e-07,-1.7479834468758781
-3.7672801471146396e-07,-1.7301843513450876
-3.7670301501190564e-07,-1.7263630525121698
-3.7667801531234732e-07,-1.7136898122771527
-3.7665301561278901e-07,-1.7194878410009551
-3.7662801591323069e-07,-1.7117301354119263
-3.7660301621367238e-07,-1.7153752196463756
-3.7657801651411406e-07,-1.6926151147345081
-3.7655301681455575e-07,-1.6946188452493516
-3.7652801711499743e-07,-1.6887753417904605
-3.7650301741543912e-07,-1.6856247953001002
-3.764780177158808e-07,-1.6979740280476108
-3.7645301801632249e-07,-1.6680829162396549
-3.7642801831676417e-07,-1.6689128301550227
-3.7640301861720585e-07,-1.6790750123618636
-3.7637801891764754e-07,-1.6522136547791888
-3.7635301921808922e-07,-1.6534329461137531
-3.7632801951853091e-07,-1.6620006704215484
-3.7630301981897259e-07,-1.6307737382703635
-3.7627802011941428e-07,-1.6407170733145904
-3.7625302041985596e-07,-1.6302834637826891
-3.7622802072029765e-07,-1.6307964756379079
-3.7620302102073933e-07,-1.6298372429446317
-3.7617802132118102e-07,-1.629679502457293
-3.761530216216227e-07,-1.6283735249089659
-3.7612802192206438e-07,-1.6180308648472419
-3.7610302222250607e-07,-1.606571231604903
-3.7607802252294775e-07,-1.6069350294856122
-3.7605302282338944e-07,-1.5902202221695916
-3.7602802312383112e-07,-1.594925436165795
-3.7600302342427281e-07,-1.5957610344230488
-3.7597802372471449e-07,-1.5861758129176451
-3.7595302402515618e-07,-1.5855547985665908
-3.7592802432559786e-07,-1.5825250443413097
-3.7590302462603955e-07,-1.5789566987223225
-3.7587802492648123e-07,-1.5619491477991687
-3.7585302522692291e-07,-1.5725476032457664
-3.758280255273646e-07,-1.5583268009322637
-3.7580302582780628e-07,-1.5606417491653701
-3.7577802612824797e-07,-1.5568275557598099
-3.7575302642868965e-07,-1.5472437553398777
-3.7572802672913134e-07,-1.5453039736712526
-3.7570302702957302e-07,-1.551347850181628
-3.7567802733001471e-07,-1.5322072499657224
-3.7565302763045639e-07,-1.528589166355232
-3.7562802793089808e-07,-1.5261647945408185
-3.7560302823133976e-07,-1.5316146573240985
-3.7557802853178144e-07,-1.5208399872790324
-3.7555302883222313e-07,-1.5148685861277045
-3.7552802913266481e-07,-1.5112576079445716
-3.755030294331065e-07,-1.501224744515639
-3.7547802973354818e-07,-1.502418456311716
-3.7545303003398987e-07,-1.4979505635892565
-3.7542803033443155e-07,-1.4910256140865386
-3.7540303063487324e-07,-1.4949321780477476
-3.7537803093531492e-07,-1.4962694194764481
-3.7535303123575661e-07,-1.4907712397871364
-3.7532803153619829e-07,-1.4794949265706236
-3.7530303183663997e-07,-1.4779544699194958
-3.7527803213708166e-07,-1.4602861142520851
-3.7525303243752334e-07,-1.4680693993796012
-3.7522803273796503e-07,-1.4567675066246011
-3.7520303303840671e-07,-1.4633911860073567
-3.751780333388484e-07,-1.4524644598168379
-3.7515303363929008e-07,-1.452855258321506
-3.7512803393973177e-07,-1.4559475403075339
-3.7510303424017345e-07,-1.4448104934672301
-3.7507803454061514e-07,-1.4495313394036202
-3.7505303484105682e-07,-1.4389655689228675
-3.750280351414985e-07,-1.4272259818426392
-3.7500303544194019e-07,-1.4158871408653795
-3.7497803574238187e-07,-1.4207969911694818
-3.7495303604282356e-07,-1.424193385446415
-3.7492803634326524e-07,-1.4199940778780729
-3.7490303664370693e-07,-1.417333805875387
-3.7487803694414861e-07,-1.4131799730421335
-3.748530372445903e-07,-1.4065008713259886
-3.7482803754503198e-07,-1.40878313459325
-3.7480303784547367e-07,-1.4002893067299738
-3.7477803814591535e-07,-1.3901825468565221
-3.7475303844635703e-07,-1.3928698194831668
-3.7472803874679872e-07,-1.3939953191766108
-3.747030390472404e-07,-1.3903814988225349
-3.7467803934768209e-07,-1.3822415212416672
-3.7465303964812377e-07,-1.3745733440373442
-3.7462803994856546e-07,-1.3781715324512334
-3.7460304024900714e-07,-1.3694375411432702
-3.7457804054944883e-07,-1.3606893389805919
-3.7455304084989051e-07,-1.3579651181316876
-3.745280411503322e-07,-1.3507317930816498
-3.7450304145077388e-07,-1.3588049796453561
-3.7447804175121556e-07,-1.3553204780691885
-3.7445304205165725e-07,-1.334775845407421
-3.7442804235209893e-07,-1.3465268011714215
-3.7440304265254062e-07,-1.3293629308464006
-3.743780429529823e-07,-1.328552912127634
-3.7435304325342399e-07,-1.324291076798545
-3.7432804355386567e-07,-1.3225132988736732
-3.7430304385430736e-07,-1.3192902770242654
-3.7427804415474904e-07,-1.3214588534538052
-3.7425304445519073e-07,-1.2988706998839916
-3.7422804475563241e-07,-1.3106088658787485
-3.7420304505607409e-07,-1.324785614542634
-3.7417804535651578e-07,-1.310044694946555
-3.7415304565695746e-07,-1.291790852064878
-3.7412804595739915e-07,-1.3055725389676809
-3.7410304625784083e-07,-1.2948305538884597
-3.7407804655828252e-07,-1.2867488408119243
-3.740530468587242e-07,-1.2763038625962508
-3.7402804715916589e-07,-1.27505046521037
-3.7400304745960757e-07,-1.273181737815321
-3.7397804776004926e-07,-1.2680231975537026
-3.7395304806049094e-07,-1.2756373735101079
-3.7392804836093262e-07,-1.2670227533817524
-3.7390304866137431e-07,-1.2555020134641381
-3.7387804896181599e-07,-1.2666433235608565
-3.7385304926225768e-07,-1.2610641419996682
-3.7382804956269936e-07,-1.2564811413540156
-3.7380304986314105e-07,-1.2574162155942759
-3.7377805016358273e-07,-1.2568662555167975
-3.7375305046402442e-07,-1.2607642929651774
-3.737280507644661e-07,-1.2212979072501184
-3.7370305106490778e-07,-1.2411490502017841
-3.7367805136534947e-07,-1.2371913271636004
-3.7365305166579115e-07,-1.2281006434022856
-3.7362805196623284e-07,-1.2211202715661784
-3.7360305226667452e-07,-1.2249728342794697
-3.7357805256711621e-07,-1.2193382303848921
-3.7355305286755789e-07,-1.2174524499641848
-3.7352805316799958e-07,-1.22249588230261
-3.7350305346844126e-07,-1.2121930126340885
-3.7347805376888295e-07,-1.1963081192334357
-3.7345305406932463e-07,-1.2012577599307406
-3.7342805436976631e-07,-1.2082111311428889
-3.73403054670208e-07,-1.2054144349349372
-3.7337805497064968e-07,-1.1895153306795692
-3.7335305527109137e-07,-1.1863576787618513
-3.7332805557153305e-07,-1.1986898584837036
-3.7330305587197474e-07,-1.17430687396336
-3.7327805617241642e-07,-1.1809362376880017
-3.7325305647285811e-07,-1.1838011459985864
-3.7322805677329979e-07,-1.1857494541800406
-3.7320305707374148e-07,-1.1799755839092541
-3.7317805737418316e-07,-1.1671602351270849
-3.7315305767462484e-07,-1.1620045370364096
-3.7312805797506653e-07,-1.1637027341748762
-3.7310305827550821e-07,-1.1623939144556061
-3.730780585759499e-07,-1.1625417073446442
-3.7305305887639158e-07,-1.1510110198287293
-3.7302805917683327e-07,-1.1525841614457022
-3.7300305947727495e-07,-1.1509627029226976
-3.7297805977771664e-07,-1.1539555089257192
-3.7295306007815832e-07,-1.1544372569005645
-3.7292806037860001e-07,-1.1489845519463415
-3.7290306067904169e-07,-1.1443049174886255
-3.7287806097948337e-07,-1.1321731108182576
-3.7285306127992506e-07,-1.1369237995495496
-3.7282806158036674e-07,-1.1356760865055548
-3.7280306188080843e-07,-1.1298524782432651
-3.7277806218125011e-07,-1.1234646990487818
-3.727530624816918e-07,-1.1134872579532384
-3.7272806278213348e-07,-1.1155265156048699
-3.7270306308257517e-07,-1.1035055536012806
-3.7267806338301685e-07,-1.1113456821476575
-3.7265306368345854e-07,-1.1115730558231007
-3.7262806398390022e-07,-1.1145772305098944
-3.726030642843419e-07,-1.1008737033080251
-3.7257806458478359e-07,-1.1043880476790946
-3.7255306488522527e-07,-1.0910326864177478
-3.7252806518566696e-07,-1.0909175784945546
-3.7250306548610864e-07,-1.0924992466243566
-3.7247806578655033e-07,-1.0968690844492812
-3.7245306608699201e-07,-1.091088108751137
-3.724280663874337e-07,-1.0749957368716423
-3.7240306668787538e-07,-1.081272671399347
-3.7237806698831707e-07,-1.0704084729695751
-3.7235306728875875e-07,-1.0783011816783983
-3.7232806758920043e-07,-1.0656478366399824
-3.7230306788964212e-07,-1.0631339364408632
-3.722780681900838e-07,-1.0621377555253275
-3.7225306849052549e-07,-1.0634337854753539
-3.7222806879096717e-07,-1.0474707323737675
-3.7220306909140886e-07,-1.0640547998264083
-3.7217806939185054e-07,-1.0572762221272569
-3.7215306969229223e-07,-1.0540219363974757
-3.7212806999273391e-07,-1.0504805914024473
-3.721030702931756e-07,-1.0475815770405461
-3.7207807059361728e-07,-1.048171327511227
-3.7205307089405896e-07,-1.0352323442930356
-3.7202807119450065e-07,-1.0406523642814136
-3.7200307149494233e-07,-1.0373582881584298
-3.7197807179538402e-07,-1.0537618777561875
-3.719530720958257e-07,-1.0327354971195746
-3.7192807239626739e-07,-1.0292353636032203
-3.7190307269670907e-07,-1.0299359587406798
-3.7187807299715076e-07,-1.0243311976410041
-3.7185307329759244e-07,-1.0246296255900234
-3.7182807359803413e-07,-1.029354734782828
-3.7180307389847581e-07,-1.0143054396394291
-3.7177807419891749e-07,-1.0158956342820602
-3.7175307449935918e-07,-1.017004080949846
-3.7172807479980086e-07,-1.0044558962363226
-3.7170307510024255e-07,-1.0053398113996082
-3.7167807540068423e-07,-1.0050015930573863
-3.7165307570112592e-07,-1.0148923479391669
-3.716280760015676e-07,-0.99895061111965333
-3.7160307630200929e-07,-1.0042626286121958
-3.7157807660245097e-07,-1.0058286648018111
-3.7155307690289266e-07,-0.99037862355544348
-3.7152807720333434e-07,-0.99222177141200518
-3.7150307750377602e-07,-0.98747108268071315
-3.7147807780421771e-07,-0.97640366902851383
-3.7145307810465939e-07,-0.9852868743109866
-3.7142807840510108e-07,-0.97977164159601671
-3.7140307870554276e-07,-0.96931103144015651
-3.7137807900598445e-07,-0.9768655218067579
-3.7135307930642613e-07,-0.97065822046715766
-3.7132807960686782e-07,-0.97402050869277446
-3.713030799073095e-07,-0.9724544725031592
-3.7127808020775119e-07,-0.96227381618518848
-3.7125308050819287e-07,-0.96983256980820443
-3.7122808080863455e-07,-0.9589825822331477
-3.7120308110907624e-07,-0.95523375875927741
-3.7117808140951792e-07,-0.96222976253557135
-3.7115308170995961e-07,-0.96280245998059399
-3.7112808201040129e-07,-0.95624557161499979
-3.7110308231084298e-07,-0.95484864459649543
-3.7107808261128466e-07,-0.95168815050783451
-3.7105308291172635e-07,-0.95040775249799481
-3.7102808321216803e-07,-0.94830312491467339
-3.7100308351260972e-07,-0.94744052603346063
-3.709780838130514e-07,-0.95477332706650486
-3.7095308411349308e-07,-0.94389349669654621
-3.7092808441393477e-07,-0.9343324336441583
-3.7090308471437645e-07,-0.9277968615606369
-3.7087808501481814e-07,-0.93040029014446191
-3.7085308531525982e-07,-0.92871346168976743
-3.7082808561570151e-07,-0.92646814664476551
-3.7080308591614319e-07,-0.92930889650233439
-3.7077808621658488e-07,-0.92241236870904686
-3.7075308651702656e-07,-0.91700940174632706
-3.7072808681746825e-07,-0.91099963128726813
-3.7070308711790993e-07,-0.91204981345072156
-3.7067808741835161e-07,-0.91820453462787555
-3.706530877187933e-07,-0.92495042736118194
-3.7062808801923498e-07,-0.89875129560823552
-3.7060308831967667e-07,-0.90247027628720389
-3.7057808862011835e-07,-0.90639389327407116
-3.7055308892056004e-07,-0.89767411282082321
-3.7052808922100172e-07,-0.90301028876638156
-3.7050308952144341e-07,-0.90067402425120235
-3.7047808982188509e-07,-0.89347196308153798
-3.7045309012232678e-07,-0.89184624130211887
-3.7042809042276846e-07,-0.89190166363550816
-3.7040309072321014e-07,-0.89009262183026294
-3.7037809102365183e-07,-0.8823931807455665
-3.7035309132409351e-07,-0.87923268665690557
-3.703280916245352e-07,-0.89229956756753381
-3.7030309192497688e-07,-0.87100318069133209
-3.7027809222541857e-07,-0.87996880893115303
-3.7025309252586025e-07,-0.8750063784646045
-3.7022809282630194e-07,-0.88494971350883134
-3.7020309312674362e-07,-0.86805158616698463
-3.7017809342718531e-07,-0.87090370470832568
-3.7015309372762699e-07,-0.86728846326877829
-3.7012809402806867e-07,-0.86960056933094165
-3.7010309432851036e-07,-0.85670563976236735
-3.7007809462895204e-07,-0.85208284872351214
-3.7005309492939373e-07,-0.86222797790469485
-3.7002809522983541e-07,-0.85633473645430058
-3.700030955302771e-07,-0.85073708078198251
-3.6997809583071878e-07,-0.85923517190167331
-3.6995309613116047e-07,-0.85051539144842536
-3.6992809643160215e-07,-0.84930604771216167
-3.6990309673204384e-07,-0.84089748497717665
-3.6987809703248552e-07,-0.8473804768982518
-3.698530973329272e-07,-0.83585263155327993
-3.6982809763336889e-07,-0.8333245204994455
-3.6980309793381057e-07,-0.8340208523804904
-3.6977809823425226e-07,-0.8294762210425688
-3.6975309853469394e-07,-0.83540498962975107
-3.6972809883513563e-07,-0.82824129776781774
-3.6970309913557731e-07,-0.82898878872583737
-3.69678099436019e-07,-0.83003754980381927
-3.6965309973646068e-07,-0.83189206634415314
-3.6962810003690237e-07,-0.83441022979968693
-3.6960310033734405e-07,-0.83205691225884948
-3.6957810063778573e-07,-0.82594766581678414
-3.6955310093822742e-07,-0.81617770320008276
-3.695281012386691e-07,-0.82785618360503577
-3.6950310153911079e-07,-0.81353448422305519
-3.6947810183955247e-07,-0.81402191653978662
-3.6945310213999416e-07,-0.81693229958545999
-3.6942810244043584e-07,-0.82106481613664073
-3.6940310274087753e-07,-0.80897848420136143
-3.6937810304131921e-07,-0.80278113046006183
-3.693531033417609e-07,-0.80261770563083701
-3.6932810364220258e-07,-0.79498363447783049
-3.6930310394264426e-07,-0.80011659520096146
-3.6927810424308595e-07,-0.79334938618558226
-3.6925310454352763e-07,-0.8092158054751053
-3.6922810484396932e-07,-0.7910443855507765
-3.69203105144411e-07,-0.79159008237184025
-3.6917810544485269e-07,-0.79187003620972973
-3.6915310574529437e-07,-0.78916855272836983
-3.6912810604573606e-07,-0.78349842169700423
-3.6910310634617774e-07,-0.78000397252253606
-3.6907810664661942e-07,-0.77644557450184948
-3.6905310694706111e-07,-0.77761797001585364
-3.6902810724750279e-07,-0.77228889949765289
-3.6900310754794448e-07,-0.7854239925109141
-3.6897810784838616e-07,-0.77387625196934096
-3.6895310814882785e-07,-0.77026953704262269
-3.6892810844926953e-07,-0.76094579526397865
-3.6890310874971122e-07,-0.78173485462684766
-3.688781090501529e-07,-0.77028374789733789
-3.6885310935059459e-07,-0.75797572662850143
-3.6882810965103627e-07,-0.75974782021148712
-3.6880310995147795e-07,-0.75368831176092499
-3.6877811025191964e-07,-0.76294526252240757
-3.6875311055236132e-07,-0.7632635856680281
-3.6872811085280301e-07,-0.75576593872028752
-3.6870311115324469e-07,-0.7553424552497745
-3.6867811145368638e-07,-0.75109909403181518
-3.6865311175412806e-07,-0.75735187010650407
-3.6862811205456975e-07,-0.75517903042054968
-3.6860311235501143e-07,-0.74296906404924812
-3.6857811265545312e-07,-0.75001480581704527
-3.685531129558948e-07,-0.74074364420084748
-3.6852811325633648e-07,-0.74727637411342585
-3.6850311355677817e-07,-0.75053634418509318
-3.6847811385721985e-07,-0.74000894301207154
-3.6845311415766154e-07,-0.74055321874766378
-3.6842811445810322e-07,-0.74081611955989501
-3.6840311475854491e-07,-0.74027184382430278
-3.6837811505898659e-07,-0.72729591238385183
-3.6835311535942828e-07,-0.72722770028121886
-3.6832811565986996e-07,-0.71976558047026629
-3.6830311596031165e-07,-0.72255090799444588
-3.6827811626075333e-07,-0.71651840016784263
-3.6825311656119501e-07,-0.72868857614594162
-3.682281168616367e-07,-0.7214126185317582
-3.6820311716207838e-07,-0.71908772270035115
-3.6817811746252007e-07,-0.71248820177061134
-3.6815311776296175e-07,-0.71638623921899125
-3.6812811806340344e-07,-0.71261325729210512
-3.6810311836384512e-07,-0.70623542569592246
-3.6807811866428681e-07,-0.70475749680554145
-3.6805311896472849e-07,-0.70639600835420424
-3.6802811926517018e-07,-0.70691186238036607
-3.6800311956561186e-07,-0.69766059596076957
-3.6797811986605354e-07,-0.69607324348908151
-3.6795312016649523e-07,-0.70683796593584702
-3.6792812046693691e-07,-0.70602652613160899
-3.679031207673786e-07,-0.70401284801846487
-3.6787812106782028e-07,-0.69679799707955681
-3.6785312136826197e-07,-0.69512964273599209
-3.6782812166870365e-07,-0.69223773380144848
-3.6780312196914534e-07,-0.69809971137146931
-3.6777812226958702e-07,-0.68457381985354004
-3.6775312257002871e-07,-0.68990004820079776
-3.6772812287047039e-07,-0.6928999596311769
-3.6770312317091207e-07,-0.68208407810743665
-3.6767812347135376e-07,-0.68843064582324587
-3.6765312377179544e-07,-0.66749095140039572
-3.6762812407223713e-07,-0.68525736196534126
-3.6760312437267881e-07,-0.67790608682116726
-3.675781246731205e-07,-0.67600467446027324
-3.6755312497356218e-07,-0.68673102759930771
-3.6752812527400387e-07,-0.67296497263669153
-3.6750312557444555e-07,-0.67333303377381526
-3.6747812587488724e-07,-0.67713870066654636
-3.6745312617532892e-07,-0.67017822402704041
-3.674281264757706e-07,-0.66495147166278912
-3.6740312677621229e-07,-0.67504686285246862
-3.6737812707665397e-07,-0.66717973368213279
-3.6735312737709566e-07,-0.66942078547072015
-3.6732812767753734e-07,-0.67477259335646522
-3.6730312797797903e-07,-0.6754390824426082
-3.6727812827842071e-07,-0.67601320097310236
-3.672531285788624e-07,-0.66051626390617457
-3.6722812887930408e-07,-0.66064416159861139
-3.6720312917974577e-07,-0.63748188949830364
-3.6717812948018745e-07,-0.66108043483836809
-3.6715312978062913e-07,-0.65987251218757592
-3.6712813008107082e-07,-0.65051750652855844
-3.671031303815125e-07,-0.64083707229656284
-3.6707813068195419e-07,-0.64658820519980509
-3.6705313098239587e-07,-0.64733569615782471
-3.6702813128283756e-07,-0.63558474039382418
-3.6700313158327924e-07,-0.64326286519644782
-3.6697813188372093e-07,-0.64224394691336784
-3.6695313218416261e-07,-0.64118097498067073
-3.669281324846043e-07,-0.6323148227238562
-3.6690313278504598e-07,-0.6424244247682509
-3.6687813308548766e-07,-0.63884186829454848
-3.6685313338592935e-07,-0.63305094499810366
-3.6682813368637103e-07,-0.64282801304216264
-3.6680313398681272e-07,-0.63520388948745676
-3.667781342872544e-07,-0.62598104477729066
-3.6675313458769609e-07,-0.62958775970400893
-3.6672813488813777e-07,-0.63612333178753033
-3.6670313518857946e-07,-0.62373288756134571
-3.6667813548902114e-07,-0.63061520449991804
-3.6665313578946283e-07,-0.63179896869769436
-3.6662813608990451e-07,-0.62876637230147026
-3.6660313639034619e-07,-0.6204331270964758
-3.6657813669078788e-07,-0.61539537909993669
-3.6655313699122956e-07,-0.61412492868839763
-3.6652813729167125e-07,-0.61803575590602122
-3.6650313759211293e-07,-0.61462372968890122
-3.6647813789255462e-07,-0.61371565607259981
-3.664531381929963e-07,-0.60434643955886713
-3.6642813849343799e-07,-0.61312022126003285
-3.6640313879387967e-07,-0.6157335974421585
-3.6637813909432136e-07,-0.60834821624666802
-3.6635313939476304e-07,-0.61421872032951796
-3.6632813969520472e-07,-0.60724545392076834
-3.6630313999564641e-07,-0.60478555496956687
-3.6627814029608809e-07,-0.60963003534197924
-3.6625314059652978e-07,-0.60082498976044008
-3.6622814089697146e-07,-0.60217928421479883
-3.6620314119741315e-07,-0.59394267282186775
-3.6617814149785483e-07,-0.6011077857692726
-3.6615314179829652e-07,-0.59448268530104542
-3.661281420987382e-07,-0.60013860547769582
-3.6610314239917989e-07,-0.58664539892561152
-3.6607814269962157e-07,-0.60072693486290518
-3.6605314300006325e-07,-0.59529838836169802
-3.6602814330050494e-07,-0.60044129668312962
-3.6600314360094662e-07,-0.59297065035934793
-3.6597814390138831e-07,-0.5904993827243743
-3.6595314420182999e-07,-0.58390980939293513
-3.6592814450227168e-07,-0.58526694601823692
-3.6590314480271336e-07,-0.57649174323159968
-3.6587814510315505e-07,-0.58047646689374233
-3.6585314540359673e-07,-0.57779061535256915
-3.6582814570403842e-07,-0.57453064528090181
-3.658031460044801e-07,-0.57764850680541713
-3.6577814630492178e-07,-0.58828391047427431
-3.6575314660536347e-07,-0.5748745479650097
-3.6572814690580515e-07,-0.5783363121736329
-3.6570314720624684e-07,-0.57592615121393465
-3.6567814750668852e-07,-0.57958402521762764
-3.6565314780713021e-07,-0.56533338010922307
-3.6562814810757189e-07,-0.56858340258258977
-3.6560314840801358e-07,-0.57225548744099797
-3.6557814870845526e-07,-0.56883067145463428
-3.6555314900889695e-07,-0.55910334140207851
-3.6552814930933863e-07,-0.5632955435430631
-3.6550314960978031e-07,-0.56603397524668253
-3.65478149910222e-07,-0.56239031209770474
-3.6545315021066368e-07,-0.5602558417194814
-3.6542815051110537e-07,-0.54998849918774795
-3.6540315081154705e-07,-0.56146802762668813
-3.6537815111198874e-07,-0.5443780537461862
-3.6535315141243042e-07,-0.56033684359135805
-3.6532815171287211e-07,-0.55351137007164652
-3.6530315201331379e-07,-0.55389790531990002
-3.6527815231375548e-07,-0.54639457403027336
-3.6525315261419716e-07,-0.56136713055821019
-3.6522815291463884e-07,-0.55630380302318372
-3.6520315321508053e-07,-0.53867665883444715
-3.6517815351552221e-07,-0.5418385740085796
-3.651531538159639e-07,-0.54121471748658223
-3.6512815411640558e-07,-0.5445755846267275
-3.6510315441684727e-07,-0.53584585657517891
-3.6507815471728895e-07,-0.53935167443341925
-3.6505315501773064e-07,-0.53424997759066173
-3.6502815531817232e-07,-0.53638444796888507
-3.6500315561861401e-07,-0.53952788903188775
-3.6497815591905569e-07,-0.52741313538717804
-3.6495315621949737e-07,-0.52776840675505809
-3.6492815651993906e-07,-0.5381807000048866
-3.6490315682038074e-07,-0.53544795264315326
-3.6487815712082243e-07,-0.52319677479317761
-3.6485315742126411e-07,-0.54377409242079011
-3.648281577217058e-07,-0.51999080596942804
-3.6480315802214748e-07,-0.51895909791710437
-3.6477815832258917e-07,-0.5188766749597562
-3.6475315862303085e-07,-0.52836242048215354
-3.6472815892347253e-07,-0.51502411224646494
-3.6470315922391422e-07,-0.50834074727390544
-3.646781595243559e-07,-0.52984887588536367
-3.6465315982479759e-07,-0.52020965313204215
-3.6462816012523927e-07,-0.51918789267801913
-3.6460316042568096e-07,-0.52173732001392636
-3.6457816072612264e-07,-0.5029917815591034
-3.6455316102656433e-07,-0.50661128625506535
-3.6452816132700601e-07,-0.50499409098847536
-3.645031616274477e-07,-0.51587676352937706
-3.6447816192788938e-07,-0.49785455757955788
-3.6445316222833106e-07,-0.50435318144081975
-3.6442816252877275e-07,-0.51261110911582364
-3.6440316282921443e-07,-0.49985118266704376
-3.6437816312965612e-07,-0.50520156946731731
-3.643531634300978e-07,-0.49870862994794152
-3.6432816373053949e-07,-0.50096673476218712
-3.6430316403098117e-07,-0.49832351578515954
-3.6427816433142286e-07,-0.51133781653334154
-3.6425316463186454e-07,-0.49380020072931075
-3.6422816493230623e-07,-0.49906390131582157
-3.6420316523274791e-07,-0.50811053142751916
-3.6417816553318959e-07,-0.49508059873915045
-3.6415316583363128e-07,-0.49736428309188341
-3.6412816613407296e-07,-0.4886615556642937
-3.6410316643451465e-07,-0.5041457029619778
-3.6407816673495633e-07,-0.4876909542872454
-3.6405316703539802e-07,-0.48477346581421443
-3.640281673358397e-07,-0.48080579517773003
-3.6400316763628139e-07,-0.48036241651061573
-3.6397816793672307e-07,-0.49113850764115341
-3.6395316823716476e-07,-0.48031694177552708
-3.6392816853760644e-07,-0.48032546828835621
-3.6390316883804812e-07,-0.48006683073253953
-3.6387816913848981e-07,-0.47492818566752248
-3.6385316943893149e-07,-0.48902251137405983
-3.6382816973937318e-07,-0.47824215698710759
-3.6380317003981486e-07,-0.47879211706458591
-3.6377817034025655e-07,-0.48020609710874851
-3.6375317064069823e-07,-0.47738666353325243
-3.6372817094113992e-07,-0.47987072093746974
-3.637031712415816e-07,-0.47492676458205096
-3.6367817154202329e-07,-0.46331933845067397
-3.6365317184246497e-07,-0.47401726988027804
-3.6362817214290665e-07,-0.47081272214199998
-3.6360317244334834e-07,-0.47682533477200195
-3.6357817274379002e-07,-0.47676138592578354
-3.6355317304423171e-07,-0.47184300910885213
-3.6352817334467339e-07,-0.47696744331915397
-3.6350317364511508e-07,-0.46960195732026477
-3.6347817394555676e-07,-0.47196664354487439
-3.6345317424599845e-07,-0.45830716999262222
-3.6342817454644013e-07,-0.46203325609894819
-3.6340317484688182e-07,-0.46189825297915377
-3.633781751473235e-07,-0.46192525360311265
-3.6335317544776518e-07,-0.46419330601565889
-3.6332817574820687e-07,-0.45832848627469502
-3.6330317604864855e-07,-0.4442284762262716
-3.6327817634909024e-07,-0.44924348685526638
-3.6325317664953192e-07,-0.45045993601888767
-3.6322817694997361e-07,-0.45260435399541166
-3.6320317725041529e-07,-0.45239261226015515
-3.6317817755085698e-07,-0.45003218929196009
-3.6315317785129866e-07,-0.44661305764748249
-3.6312817815174035e-07,-0.43673935579136014
-3.6310317845218203e-07,-0.45470756049326155
-3.6307817875262371e-07,-0.4373418960312847
-3.630531790530654e-07,-0.43980179498248617
-3.6302817935350708e-07,-0.44438479562813882
-3.6300317965394877e-07,-0.44035743940185057
-3.6297817995439045e-07,-0.43639829527819529
-3.6295318025483214e-07,-0.43613681555143557
-3.6292818055527382e-07,-0.44016701394866686
-3.6290318085571551e-07,-0.43382613057474373
-3.6287818115615719e-07,-0.42953871570716728
-3.6285318145659888e-07,-0.44201726723258616
-3.6282818175704056e-07,-0.43881271949430811
-3.6280318205748224e-07,-0.43883829903279548
-3.6277818235792393e-07,-0.43225014678682783
-3.6275318265836561e-07,-0.42827110746657127
-3.627281829588073e-07,-0.42732182237159577
-3.6270318325924898e-07,-0.4292303401598474
-3.6267818355969067e-07,-0.4144496301705658
-3.6265318386013235e-07,-0.42388279553051689
-3.6262818416057404e-07,-0.42477239503568853
-3.6260318446101572e-07,-0.41509338188916445
-3.6257818476145741e-07,-0.42587089410517365
-3.6255318506189909e-07,-0.42924028775814804
-3.6252818536234077e-07,-0.40810874679664266
-3.6250318566278246e-07,-0.43186076936763129
-3.6247818596322414e-07,-0.42481644868530566
-3.6245318626366583e-07,-0.41238479298044695
-3.6242818656410751e-07,-0.41372061332367593
-3.624031868645492e-07,-0.42135610556215397
-3.6237818716499088e-07,-0.40429739556202549
-3.6235318746543257e-07,-0.40218992580776103
-3.6232818776587425e-07,-0.40473508988725371
-3.6230318806631594e-07,-0.41486600821372122
-3.6227818836675762e-07,-0.40967051972984336
-3.622531886671993e-07,-0.40534473555453587
-3.6222818896764099e-07,-0.41695074060044135
-3.6220318926808267e-07,-0.4048118285027158
-3.6217818956852436e-07,-0.40226666442322312
-3.6215318986896604e-07,-0.39938612417245167
-3.6212819016940773e-07,-0.39832883658164064
-3.6210319046984941e-07,-0.39423042608177639
-3.620781907702911e-07,-0.40940335566119757
-3.6205319107073278e-07,-0.40699177361602779
-3.6202819137117447e-07,-0.40563463699072599
-3.6200319167161615e-07,-0.41067664824367967
-3.6197819197205783e-07,-0.40055709860098432
-3.6195319227249952e-07,-0.4141966769566352
-3.619281925729412e-07,-0.38988900996628217
-3.6190319287338289e-07,-0.39202490142997704
-3.6187819317382457e-07,-0.40562042613601079
-3.6185319347426626e-07,-0.39907632753966027
-3.6182819377470794e-07,-0.38575507232962991
-3.6180319407514963e-07,-0.4012520093965577
-3.6177819437559131e-07,-0.39848799815445091
-3.61753194676033e-07,-0.39599115098098991
-3.6172819497647468e-07,-0.38719036865586531
-3.6170319527691636e-07,-0.38981085026534856
-3.6167819557735805e-07,-0.38894256704224972
-3.6165319587779973e-07,-0.39910332816361915
-3.6162819617824142e-07,-0.39172221022454323
-3.616031964786831e-07,-0.39198653212224599
-3.6157819677912479e-07,-0.37653933304682141
-3.6155319707956647e-07,-0.38714205174983363
-3.6152819738000816e-07,-0.38819649716970162
-3.6150319768044984e-07,-0.3882092869389453
-3.6147819798089153e-07,-0.38957210790613317
-3.6145319828133321e-07,-0.38277789826679509
-3.6142819858177489e-07,-0.37409790820674971
-3.6140319888221658e-07,-0.38671856827932061
-3.6137819918265826e-07,-0.38600092011620291
-3.6135319948309995e-07,-0.38716763128832099
-3.6132819978354163e-07,-0.38880472175151226
-3.6130320008398332e-07,-0.38713494632247603
-3.61278200384425e-07,-0.38944278912822483
-3.6125320068486669e-07,-0.3820190386250033
-3.6122820098530837e-07,-0.37781404671477503
-3.6120320128575006e-07,-0.37578757883238723
-3.6117820158619174e-07,-0.37824037235623109
-3.6115320188663342e-07,-0.37576342037937138
-3.6112820218707511e-07,-0.36932590319338487
-3.6110320248751679e-07,-0.38020999681975809
-3.6107820278795848e-07,-0.37089904481035774
-3.6105320308840016e-07,-0.37201317582002957
-3.6102820338884185e-07,-0.36520333424050477
-3.6100320368928353e-07,-0.37688465681640082
-3.6097820398972522e-07,-0.37025245092081605
-3.609532042901669e-07,-0.36773570855075377
-3.6092820459060859e-07,-0.37012881648479379
-3.6090320489105027e-07,-0.36819614024352632
-3.6087820519149195e-07,-0.36141045711701736
-3.6085320549193364e-07,-0.37018139664724004
-3.6082820579237532e-07,-0.35730636227526702
-3.6080320609281701e-07,-0.36228442468200228
-3.6077820639325869e-07,-0.36690721572085749
-3.6075320669370038e-07,-0.34674201287998585
-3.6072820699414206e-07,-0.35626044336822815
-3.6070320729458375e-07,-0.35831533296004636
-3.6067820759502543e-07,-0.35567779832490487
-3.6065320789546712e-07,-0.3553282112989109
-3.606282081959088e-07,-0.35845459933625534
-3.6060320849635048e-07,-0.34764866541081574
-3.6057820879679217e-07,-0.35498288752933149
-3.6055320909723385e-07,-0.35808511711366009
-3.6052820939767554e-07,-0.35989700108984835
-3.6050320969811722e-07,-0.35764884387390339
-3.6047820999855891e-07,-0.35461482639220776
-3.6045321029900059e-07,-0.3434180939621001
-3.6042821059944228e-07,-0.35378491247683996
-3.6040321089988396e-07,-0.3470759679657931
-3.6037821120032565e-07,-0.33890472650455195
-3.6035321150076733e-07,-0.35287825994601008
-3.6032821180120901e-07,-0.34992950759260566
-3.603032121016507e-07,-0.34933265169456718
-3.6027821240209238e-07,-0.35155807154296781
-3.6025321270253407e-07,-0.339014150085859
-3.6022821300297575e-07,-0.34116993674615514
-3.6020321330341744e-07,-0.33747795669114566
-3.6017821360385912e-07,-0.33950158240259043
-3.6015321390430081e-07,-0.35225298233854119
-3.6012821420474249e-07,-0.33796965226429165
-3.6010321450518417e-07,-0.3402661263862683
-3.6007821480562586e-07,-0.33711557989590801
-3.6005321510606754e-07,-0.34172700225099106
-3.6002821540650923e-07,-0.3279197358097008
-3.6000321570695091e-07,-0.32962077511911048
-3.599782160073926e-07,-0.32691929163775058
-3.5995321630783428e-07,-0.33269174082306563
-3.5992821660827597e-07,-0.32952698347799014
-3.5990321690871765e-07,-0.33879246075230185
-3.5987821720915934e-07,-0.32826505957928021
-3.5985321750960102e-07,-0.33723495107551571
-3.598282178100427e-07,-0.31943727663019672
-3.5980321811048439e-07,-0.31582345627612085
-3.5977821841092607e-07,-0.32711540143282036
-3.5975321871136776e-07,-0.33030573831638321
-3.5972821901180944e-07,-0.32084699341794476
-3.5970321931225113e-07,-0.33060416626540245
-3.5967821961269281e-07,-0.31124756105782581
-3.596532199131345e-07,-0.31690632340541924
-3.5962822021357618e-07,-0.31134845812630374
-3.5960322051401787e-07,-0.32006539640860865
-3.5957822081445955e-07,-0.31309923542721663
-3.5955322111490123e-07,-0.31384956855617929
-3.5952822141534292e-07,-0.31337492600869155
-3.595032217157846e-07,-0.31503617492489866
-3.5947822201622629e-07,-0.31431284241989488
-3.5945322231666797e-07,-0.31615883244739962
-3.5942822261710966e-07,-0.31869831218500622
-3.5940322291755134e-07,-0.30464235578619991
-3.5937822321799303e-07,-0.31028122293719207
-3.5935322351843471e-07,-0.31573250680594356
-3.593282238188764e-07,-0.3134843495899986
-3.5930322411931808e-07,-0.30103990411589621
-3.5927822441975976e-07,-0.30288589414340095
-3.5925322472020145e-07,-0.30661340133519843
-3.5922822502064313e-07,-0.30731968081454397
-3.5920322532108482e-07,-0.30567264275305206
-3.591782256215265e-07,-0.30781137638768996
-3.5915322592196819e-07,-0.31042333148434409
-3.5912822622240987e-07,-0.2998859827130218
-3.5910322652285156e-07,-0.29732944994975696
-3.5907822682329324e-07,-0.29922233579782187
-3.5905322712373493e-07,-0.30462246058959863
-3.5902822742417661e-07,-0.302151192954625
-3.5900322772461829e-07,-0.29377389410001342
-3.5897822802505998e-07,-0.29765203635179205
-3.5895322832550166e-07,-0.29861979555789731
-3.5892822862594335e-07,-0.29106246302035288
-3.5890322892638503e-07,-0.30277220730567933
-3.5887822922682672e-07,-0.29620963459819905
-3.588532295272684e-07,-0.2926327624663827
-3.5882822982771009e-07,-0.28447288968891371
-3.5880323012815177e-07,-0.29616700203405344
-3.5877823042859346e-07,-0.2896570094890194
-3.5875323072903514e-07,-0.29677806878680713
-3.5872823102947682e-07,-0.29708360216318397
-3.5870323132991851e-07,-0.29642706067534164
-3.5867823163036019e-07,-0.28875462021460407
-3.5865323193080188e-07,-0.30231888104026439
-3.5862823223124356e-07,-0.27710171934813843
-3.5860323253168525e-07,-0.28911557592437021
-3.5857823283212693e-07,-0.29427269510051701
-3.5855323313256862e-07,-0.29052671379758976
-3.585282334330103e-07,-0.2927521336459904
-3.5850323373345199e-07,-0.28999238566029817
-3.5847823403389367e-07,-0.29284450420163921
-3.5845323433433535e-07,-0.28517348482637317
-3.5842823463477704e-07,-0.28646525151998503
-3.5840323493521872e-07,-0.28066580171071109
-3.5837823523566041e-07,-0.26832935873244423
-3.5835323553610209e-07,-0.26747102310764603
-3.5832823583654378e-07,-0.28207125524204457
-3.5830323613698546e-07,-0.28551454533953802
-3.5827823643742715e-07,-0.28021247544529615
-3.5825323673786883e-07,-0.28324649292699178
-3.5822823703831052e-07,-0.28065585411241045
-3.582032373387522e-07,-0.28333033696981147
-3.5817823763919388e-07,-0.28162361331851571
-3.5815323793963557e-07,-0.27964546234215959
-3.5812823824007725e-07,-0.27607569563770085
-3.5810323854051894e-07,-0.28341275992715964
-3.5807823884096062e-07,-0.27850290962305735
-3.5805323914140231e-07,-0.27718982664737268
-3.5802823944184399e-07,-0.27271198632661253
-3.5800323974228568e-07,-0.27047377670896822
-3.5797824004272736e-07,-0.27116442424812703
-3.5795324034316905e-07,-0.28190783041281975
-3.5792824064361073e-07,-0.26505801997700473
-3.5790324094405241e-07,-0.2645492713782005
-3.578782412444941e-07,-0.27899460519620334
-3.5785324154493578e-07,-0.26142146225538454
-3.5782824184537747e-07,-0.27047661887991126
-3.5780324214581915e-07,-0.25876971676552785
-3.5777824244626084e-07,-0.27431497073848732
-3.5775324274670252e-07,-0.26503386152398889
-3.5772824304714421e-07,-0.26195436930720462
-3.5770324334758589e-07,-0.26826967314264039
-3.5767824364802758e-07,-0.26652884344002814
-3.5765324394846926e-07,-0.2558749656600412
-3.5762824424891094e-07,-0.27472566443975666
-3.5760324454935263e-07,-0.26975612854585052
-3.5757824484979431e-07,-0.26177531253779307
-3.57553245150236e-07,-0.25287647531513358
-3.5752824545067768e-07,-0.26205242420473951
-3.5750324575111937e-07,-0.2470741833349166
-3.5747824605156105e-07,-0.26554403120826464
-3.5745324635200274e-07,-0.25915056767189526
-3.5742824665244442e-07,-0.25753905674719135
-3.5740324695288611e-07,-0.25863755581667647
-3.5737824725332779e-07,-0.26380178042018088
-3.5735324755376947e-07,-0.25949447035600315
-3.5732824785421116e-07,-0.25673188019936788
-3.5730324815465284e-07,-0.27500703936311766
-3.5727824845509453e-07,-0.26275159825672745
-3.5725324875553621e-07,-0.26284538989784778
-3.572282490559779e-07,-0.26584530132822692
-3.5720324935641958e-07,-0.26465016844667844
-3.5717824965686127e-07,-0.26225137617075234
-3.5715324995730295e-07,-0.25790711788431508
-3.5712825025774464e-07,-0.2555935907366802
-3.5710325055818632e-07,-0.24602826442787773
-3.57078250858628e-07,-0.25882087584250257
-3.5705325115906969e-07,-0.26132198627237813
-3.5702825145951137e-07,-0.24472512905049371
-3.5700325175995306e-07,-0.25453061880398309
-3.5697825206039474e-07,-0.25212898435711395
-3.5695325236083643e-07,-0.25179076601489214
-3.5692825266127811e-07,-0.25562059136063908
-3.569032529617198e-07,-0.24077024818325299
-3.5687825326216148e-07,-0.23684805228185724
-3.5685325356260317e-07,-0.23979680463526165
-3.5682825386304485e-07,-0.24568720391471288
-3.5680325416348653e-07,-0.23990622821656871
-3.5677825446392822e-07,-0.23100170665202313
-3.567532547643699e-07,-0.23513422320320387
-3.5672825506481159e-07,-0.23698447648712317
-3.5670325536525327e-07,-0.22774031549488427
-3.5667825566569496e-07,-0.23229063117469195
-3.5665325596613664e-07,-0.23680399863224011
-3.5662825626657833e-07,-0.23575807972520124
-3.5660325656702001e-07,-0.23998865117391688
-3.565782568674617e-07,-0.23347013211605372
-3.5655325716790338e-07,-0.23335786636380362
-3.5652825746834506e-07,-0.24264039666377357
-3.5650325776878675e-07,-0.22781705411034636
-3.5647825806922843e-07,-0.2384709318903333
-3.5645325836967012e-07,-0.24459438918711385
-3.564282586701118e-07,-0.22273383137871861
-3.5640325897055349e-07,-0.22590711523662321
-3.5637825927099517e-07,-0.2352066985622514
-3.5635325957143686e-07,-0.22949961930862628
-3.5632825987187854e-07,-0.22749873096472584
-3.5630326017232023e-07,-0.21503581137949368
-3.5627826047276191e-07,-0.22617570039074053
-3.5625326077320359e-07,-0.22189823312146473
-3.5622826107364528e-07,-0.22487256501335651
-3.5620326137408696e-07,-0.21302213326634956
-3.5617826167452865e-07,-0.20946941958754905
-3.5615326197497033e-07,-0.21798314264742658
-3.5612826227541202e-07,-0.21912853753747186
-3.561032625758537e-07,-0.22352537598635536
-3.5607826287629539e-07,-0.22528467980009736
-3.5605326317673707e-07,-0.22628654505751911
-3.5602826347717876e-07,-0.22960051637710421
-3.5600326377762044e-07,-0.22103137098383741
-3.5597826407806212e-07,-0.22532589127877145
-3.5595326437850381e-07,-0.21730102162109688
-3.5592826467894549e-07,-0.22927366671865457
-3.5590326497938718e-07,-0.2112315655722341
-3.5587826527982886e-07,-0.22363053631124785
-3.5585326558027055e-07,-0.22136106281323009
-3.5582826588071223e-07,-0.21736354938184377
-3.5580326618115392e-07,-0.22252777398534818
-3.557782664815956e-07,-0.2212772187704104
-3.5575326678203728e-07,-0.21239401348793763
-3.5572826708247897e-07,-0.2222762418568891
-3.5570326738292065e-07,-0.22433397361965035
-3.5567826768336234e-07,-0.21101556058056303
-3.5565326798380402e-07,-0.20814923118450679
-3.5562826828424571e-07,-0.21795472093799617
-3.5560326858468739e-07,-0.21479991119122133
-3.5557826888512908e-07,-0.21276349571053288
-3.5555326918557076e-07,-0.20561117253237171
-3.5552826948601245e-07,-0.20809807210753206
-3.5550326978645413e-07,-0.20461499161683605
-3.5547827008689581e-07,-0.21938006966593093
-3.554532703873375e-07,-0.21968844521325082
-3.5542827068777918e-07,-0.21946959805063671
-3.5540327098822087e-07,-0.20468746697588358
-3.5537827128866255e-07,-0.20831265601373161
-3.5535327158910424e-07,-0.20575896542140981
-3.5532827188954592e-07,-0.2103874408021511
-3.5530327218998761e-07,-0.20217498786223587
-3.5527827249042929e-07,-0.21353656620703987
-3.5525327279087098e-07,-0.20788206711586099
-3.5522827309131266e-07,-0.20305748194004991
-3.5520327339175434e-07,-0.20891945951007074
-3.5517827369219603e-07,-0.19800694417426712
-3.5515327399263771e-07,-0.20447430415515555
-3.551282742930794e-07,-0.20012436152683222
-3.5510327459352108e-07,-0.19256134464740171
-3.5507827489396277e-07,-0.20370265474412008
-3.5505327519440445e-07,-0.1930672510752629
-3.5502827549484614e-07,-0.20909141085212468
-3.5500327579528782e-07,-0.20594228544723592
-3.5497827609572951e-07,-0.19216912505726214
-3.5495327639617119e-07,-0.19147279317621724
-3.5492827669661287e-07,-0.19262955675003468
-3.5490327699705456e-07,-0.1897888068924658
-3.5487827729749624e-07,-0.19247181626269594
-3.5485327759793793e-07,-0.19177548438165104
-3.5482827789837961e-07,-0.19397674577703583
-3.548032781988213e-07,-0.18957422298626625
-3.5477827849926298e-07,-0.19777104398599477
-3.5475327879970467e-07,-0.19249597471571178
-3.5472827910014635e-07,-0.18735875073616626
-3.5470327940058804e-07,-0.20117880694670021
-3.5467827970102972e-07,-0.18793571143760346
-3.546532800014714e-07,-0.18984707139679813
-3.5462828030191309e-07,-0.1850750663834333
-3.5460328060235477e-07,-0.19149553054376156
-3.5457828090279646e-07,-0.19069545942329569
-3.5455328120323814e-07,-0.18656294287211495
-3.5452828150367983e-07,-0.17847696653916501
-3.5450328180412151e-07,-0.19197585743313539
-3.544782821045632e-07,-0.18416272951071733
-3.5445328240500488e-07,-0.19282992980151903
-3.5442828270544657e-07,-0.19340120616107015
-3.5440328300588825e-07,-0.18372929844190367
-3.5437828330632993e-07,-0.17429613308195258
-3.5435328360677162e-07,-0.17884644876176026
-3.543282839072133e-07,-0.1847936914600723
-3.5430328420765499e-07,-0.177878689555655
-3.5427828450809667e-07,-0.18463026663084747
-3.5425328480853836e-07,-0.17206502889166586
-3.5422828510898004e-07,-0.18425083680995158
-3.5420328540942173e-07,-0.17546852859595674
-3.5417828570986341e-07,-0.18288943692823523
-3.541532860103051e-07,-0.17895729342853883
-3.5412828631074678e-07,-0.1790255055311718
-3.5410328661118846e-07,-0.16984529338515131
-3.5407828691163015e-07,-0.17568595467309933
-3.5405328721207183e-07,-0.18004868707066635
-3.5402828751251352e-07,-0.1769009827512491
-3.540032878129552e-07,-0.17365522353429697
-3.5397828811339689e-07,-0.177315939708933
-3.5395328841383857e-07,-0.16867147678567562
-3.5392828871428026e-07,-0.17350458847431582
-3.5390328901472194e-07,-0.16888463960640365
-3.5387828931516363e-07,-0.17733583490553428
-3.5385328961560531e-07,-0.17053025658242404
-3.5382828991604699e-07,-0.16098340438475134
-3.5380329021648868e-07,-0.16866863461473258
-3.5377829051693036e-07,-0.17979999711315031
-3.5375329081737205e-07,-0.1642874281060358
-3.5372829111781373e-07,-0.16515144807272009
-3.5370329141825542e-07,-0.17217445247297292
-3.536782917186971e-07,-0.1739323352012434
-3.5365329201913879e-07,-0.16770371757957037
-3.5362829231958047e-07,-0.16266739066850278
-3.5360329262002216e-07,-0.1702034069239744
-3.5357829292046384e-07,-0.16651142686896492
-3.5355329322090552e-07,-0.16965913118838216
-3.5352829352134721e-07,-0.17256382989216945
-3.5350329382178889e-07,-0.16730439256207319
-3.5347829412223058e-07,-0.17557368892084924
-3.5345329442267226e-07,-0.16124346302603954
-3.5342829472311395e-07,-0.15684520349168452
-3.5340329502355563e-07,-0.16005543557184865
-3.5337829532399732e-07,-0.16925127965805586
-3.53353295624439e-07,-0.17074910374503816
-3.5332829592488069e-07,-0.16421637383245979
-3.5330329622532237e-07,-0.16155325965883094
-3.5327829652576405e-07,-0.16351719978047186
-3.5325329682620574e-07,-0.16152768012034358
-3.5322829712664742e-07,-0.16508323597008712
-3.5320329742708911e-07,-0.16400178992626024
-3.5317829772753079e-07,-0.1652225023462961
-3.5315329802797248e-07,-0.16037944305935525
-3.5312829832841416e-07,-0.15958363519530394
-3.5310329862885585e-07,-0.16517134326932137
-3.5307829892929753e-07,-0.1574704810991534
-3.5305329922973922e-07,-0.15709531453467207
-3.530282995301809e-07,-0.15804175745870452
-3.5300329983062258e-07,-0.15256063079505111
-3.5297830013106427e-07,-0.16186163520615082
-3.5295330043150595e-07,-0.17073347180485143
-3.5292830073194764e-07,-0.15381971252281801
-3.5290330103238932e-07,-0.16611210185146774
-3.5287830133283101e-07,-0.16360814925064915
-3.5285330163327269e-07,-0.16659100765537005
-3.5282830193371438e-07,-0.15542553910563583
-3.5280330223415606e-07,-0.15400445363411563
-3.5277830253459775e-07,-0.14953940308259916
-3.5275330283503943e-07,-0.15080701132319518
-3.5272830313548111e-07,-0.15086669691299903
-3.527033034359228e-07,-0.14866827768855728
-3.5267830373636448e-07,-0.14758256838831585
-3.5265330403680617e-07,-0.15119070440050564
-3.5262830433724785e-07,-0.15672583231207682
-3.5260330463768954e-07,-0.14153869187794044
-3.5257830493813122e-07,-0.14828316352577531
-3.5255330523857291e-07,-0.13633894013764802
-3.5252830553901459e-07,-0.15349854720625444
-3.5250330583945628e-07,-0.14315304497358738
-3.5247830613989796e-07,-0.12262972859389265
-3.5245330644033964e-07,-0.13735217407884193
-3.5242830674078133e-07,-0.13914274177295738
-3.5240330704122301e-07,-0.14298109363153344
-3.523783073416647e-07,-0.13899921214033384
-3.5235330764210638e-07,-0.14125589586910792
-3.5232830794254807e-07,-0.1392990611748246
-3.5230330824298975e-07,-0.13422152278508293
-3.5227830854343144e-07,-0.13441905366562423
-3.5225330884387312e-07,-0.14167085282679182
-3.5222830914431481e-07,-0.13964580602987553
-3.5220330944475649e-07,-0.1363233081974613
-3.5217830974519817e-07,-0.14245813417801401
-3.5215331004563986e-07,-0.13677805554834777
-3.5212831034608154e-07,-0.13751701999353827
-3.5210331064652323e-07,-0.1387078896186722
-3.5207831094696491e-07,-0.13329497505765175
-3.520533112474066e-07,-0.14180301377564319
-3.5202831154784828e-07,-0.13849046354152961
-3.5200331184828997e-07,-0.13185399438953027
-3.5197831214873165e-07,-0.13174599189369474
-3.5195331244917334e-07,-0.1328970711256261
-3.5192831274961502e-07,-0.13698127077077515
-3.519033130500567e-07,-0.13676384469363256
-3.5187831335049839e-07,-0.12338006172285532
-3.5185331365094007e-07,-0.14284182725532446
-3.5182831395138176e-07,-0.1408253069712373
-3.5180331425182344e-07,-0.12735767995764036
-3.5177831455226513e-07,-0.12395275916787796
-3.5175331485270681e-07,-0.12774705737683689
-3.517283151531485e-07,-0.13000232002013945
-3.5170331545359018e-07,-0.13216236993685015
-3.5167831575403187e-07,-0.12951488770340802
-3.5165331605447355e-07,-0.114353326807759
-3.5162831635491523e-07,-0.12932304116475279
-3.5160331665535692e-07,-0.12645244851228199
-3.515783169557986e-07,-0.1188979581456806
-3.5155331725624029e-07,-0.11746550399038824
-3.5152831755668197e-07,-0.11588383586058626
-3.5150331785712366e-07,-0.12748273547913413
-3.5147831815756534e-07,-0.11919354392375681
-3.5145331845800703e-07,-0.11872458571815514
-3.5142831875844871e-07,-0.12493188705775538
-3.514033190588904e-07,-0.12702656704277615
-3.5137831935933208e-07,-0.12328627008173498
-3.5135331965977376e-07,-0.11302745406283066
-3.5132831996021545e-07,-0.11561667179194046
-3.5130332026065713e-07,-0.12800285276171053
-3.5127832056109882e-07,-0.12892087397631258
-3.512533208615405e-07,-0.12590533060574671
-3.5122832116198219e-07,-0.12381633496261202
-3.5120332146242387e-07,-0.11930865184694994
-3.5117832176286556e-07,-0.11548451084308908
-3.5115332206330724e-07,-0.11375789199519204
-3.5112832236374892e-07,-0.11685017398122
-3.5110332266419061e-07,-0.11469722949186689
-3.5107832296463229e-07,-0.10532943406360573
-3.5105332326507398e-07,-0.10631566738084075
-3.5102832356551566e-07,-0.10550564866207424
-3.5100332386595735e-07,-0.11480381090223091
-3.5097832416639903e-07,-0.11158221013829461
-3.5095332446684072e-07,-0.10082601420435822
-3.509283247672824e-07,-0.11151968237754772
-3.5090332506772409e-07,-0.11930865184694994
-3.5087832536816577e-07,-0.10644782832969213
-3.5085332566860745e-07,-0.099589669844135642
-3.5082832596904914e-07,-0.10106191439263057
-3.5080332626949082e-07,-0.098219743449590169
-3.5077832656993251e-07,-0.10061853572551627
-3.5075332687037419e-07,-0.097956842637358932
-3.5072832717081588e-07,-0.11144862810397171
-3.5070332747125756e-07,-0.097938368526229169
-3.5067832777169925e-07,-0.10286100859957514
-3.5065332807214093e-07,-0.10715837106545223
-3.5062832837258262e-07,-0.11241212405366241
-3.506033286730243e-07,-0.10633414149197051
-3.5057832897346598e-07,-0.11802967492258176
-3.5055332927390767e-07,-0.11575735925362096
-3.5052832957434935e-07,-0.10980016895700828
-3.5050332987479104e-07,-0.10533369732002029
-3.5047833017523272e-07,-0.1075150635188038
-3.5045333047567441e-07,-0.10337544154026546
-3.5042833077611609e-07,-0.10639524816724588
-3.5040333107655778e-07,-0.096764551926753484
-3.5037833137699946e-07,-0.099728936220344622
-3.5035333167744115e-07,-0.095137409061862854
-3.5032833197788283e-07,-0.10404193062640843
-3.5030333227832451e-07,-0.090599883151298855
-3.502783325787662e-07,-0.1000302063403069
-3.5025333287920788e-07,-0.09957830116036348
-3.5022833317964957e-07,-0.10025047458839254
-3.5020333348009125e-07,-0.093015728452883195
-3.5017833378053294e-07,-0.095126040378090693
-3.5015333408097462e-07,-0.10454215271238354
-3.5012833438141631e-07,-0.10710436981753446
-3.5010333468185799e-07,-0.10373071290814551
-3.5007833498229968e-07,-0.087995033482002327
-3.5005333528274136e-07,-0.10315659437765134
-3.5002833558318304e-07,-0.089937657321570441
-3.5000333588362473e-07,-0.091650065314752283
-3.4997833618406641e-07,-0.087683815763739403
-3.499533364845081e-07,-0.099861097169196
-3.4992833678494978e-07,-0.097701047252485296
-3.4990333708539147e-07,-0.10504095371288713
-3.4987833738583315e-07,-0.1073814814844809
-3.4985333768627484e-07,-0.095153041002049576
-3.4982833798671652e-07,-0.092167340426385636
-3.4980333828715821e-07,-0.089163165739591932
-3.4977833858759989e-07,-0.093959329205972608
-3.4975333888804157e-07,-0.090243190697947284
-3.4972833918848326e-07,-0.091149843228777172
-3.4970333948892494e-07,-0.087919715952011757
-3.4967833978936663e-07,-0.088506624251749599
-3.4965334008980831e-07,-0.083930729033454554
-3.4962834039025e-07,-0.08865583822625922
-3.4960334069069168e-07,-0.091939966750942403
-3.4957834099113337e-07,-0.095944585609686328
-3.4955334129157505e-07,-0.095259622412413592
-3.4952834159201674e-07,-0.085134388427832164
-3.4950334189245842e-07,-0.08376161986234365
-3.494783421929001e-07,-0.087474916199425934
-3.4945334249334179e-07,-0.091760909981530858
-3.4942834279378347e-07,-0.10209504353042576
-3.4940334309422516e-07,-0.084160944879840827
-3.4937834339466684e-07,-0.09425917824046337
-3.4935334369510853e-07,-0.088860474534158129
-3.4932834399555021e-07,-0.086248519437504001
-3.493033442959919e-07,-0.082080475749535253
-3.4927834459643358e-07,-0.081273299201711779
-3.4925334489687527e-07,-0.086730267412349349
-3.4922834519731695e-07,-0.078303230566234561
-3.4920334549775863e-07,-0.078246387147373753
-3.4917834579820032e-07,-0.075185369041719241
-3.49153346098642e-07,-0.081304563082085224
-3.4912834639908369e-07,-0.079116091455944115
-3.4910334669952537e-07,-0.076585138231166638
-3.4907834699996706e-07,-0.072888894919742597
-3.4905334730040874e-07,-0.073113426424242789
-3.4902834760085043e-07,-0.083014128904324025
-3.4900334790129211e-07,-0.074456352194829378
-3.489783482017338e-07,-0.080503070876147831
-3.4895334850217548e-07,-0.077436368428607238
-3.4892834880261716e-07,-0.072547834406577749
-3.4890334910305885e-07,-0.067960570504510542
-3.4887834940350053e-07,-0.07255067657752079
-3.4885334970394222e-07,-0.078060224950604606
-3.488283500043839e-07,-0.080102324773179134
-3.4880335030482559e-07,-0.074203398980898783
-3.4877835060526727e-07,-0.078142647907952778
-3.4875335090570896e-07,-0.083073814494127873
-3.4872835120615064e-07,-0.085472606770053972
-3.4870335150659233e-07,-0.071339911755785579
-3.4867835180703401e-07,-0.063575100739399204
-3.4865335210747569e-07,-0.073410433287790511
-3.4862835240791738e-07,-0.084696694102603942
-3.4860335270835906e-07,-0.083798568084603176
-3.4857835300880075e-07,-0.070004091412556591
-3.4855335330924243e-07,-0.06304929911493673
-3.4852835360968412e-07,-0.067544192461355124
-3.485033539101258e-07,-0.0713484382686147
-3.4847835421056749e-07,-0.070131989104993409
-3.4845335451100917e-07,-0.071379702148988144
-3.4842835481145086e-07,-0.070112093908392126
-3.4840335511189254e-07,-0.059696958487620577
-3.4837835541233422e-07,-0.070635053361911559
-3.4835335571277591e-07,-0.071183592353918357
-3.4832835601321759e-07,-0.070431838139484171
-3.4830335631365928e-07,-0.067468874931364553
-3.4827835661410096e-07,-0.059677063291019294
-3.4825335691454265e-07,-0.065722360886866227
-3.4822835721498433e-07,-0.066636118845053716
-3.4820335751542602e-07,-0.070200201207626378
-3.481783578158677e-07,-0.067441874307405669
-3.4815335811630939e-07,-0.085523765847028699
-3.4812835841675107e-07,-0.060728666539944243
-3.4810335871719275e-07,-0.062216543028625892
-3.4807835901763444e-07,-0.048808601604832802
-3.4805335931807612e-07,-0.067524297264753841
-3.4802835961851781e-07,-0.059728222367994022
-3.4800335991895949e-07,-0.065513461322552757
-3.4797836021940118e-07,-0.067466032760421513
-3.4795336051984286e-07,-0.063484151269221911
-3.4792836082028455e-07,-0.061358207403827691
-3.4790336112072623e-07,-0.056205351484095445
-3.4787836142116792e-07,-0.061636740156245651
-3.478533617216096e-07,-0.0683726852912514
-3.4782836202205128e-07,-0.062735239225730766
-3.4780336232249297e-07,-0.057542592912795953
-3.4777836262293465e-07,-0.066208372118126135
-3.4775336292337634e-07,-0.065196559262403753
-3.4772836322381802e-07,-0.058118132528761635
-3.4770336352425971e-07,-0.067464611674949992
-3.4767836382470139e-07,-0.061226046454976313
-3.4765336412514308e-07,-0.050411586016707588
-3.4762836442558476e-07,-0.047977266603993485
-3.4760336472602645e-07,-0.053739768191007897
-3.4757836502646813e-07,-0.052389736993063707
-3.4755336532690981e-07,-0.058963678384316154
-3.475283656273515e-07,-0.046185277824406512
-3.4750336592779318e-07,-0.055364068884955486
-3.4747836622823487e-07,-0.046249226670624921
-3.4745336652867655e-07,-0.060617821873165667
-3.4742836682911824e-07,-0.047053561047505355
-3.4740336712955992e-07,-0.048024162424553651
-3.4737836743000161e-07,-0.045324100028665271
-3.4735336773044329e-07,-0.040519410049455473
-3.4732836803088498e-07,-0.057031002143048681
-3.4730336833132666e-07,-0.046053116875555133
-3.4727836863176834e-07,-0.046956927235441981
-3.4725336893221003e-07,-0.053600501814798918
-3.4722836923265171e-07,-0.057467275382805383
-3.472033695330934e-07,-0.055916871133376844
-3.4717836983353508e-07,-0.042430770008650143
-3.4715337013397677e-07,-0.056466831210855162
-3.4712837043441845e-07,-0.047042192363733193
-3.4710337073486014e-07,-0.043461056975502288
-3.4707837103530182e-07,-0.042670933453337057
-3.4705337133574351e-07,-0.044379078190104337
-3.4702837163618519e-07,-0.030604496714659035
-3.4700337193662687e-07,-0.045963588490849361
-3.4697837223706856e-07,-0.037542235986620653
-3.4695337253751024e-07,-0.034926017633551965
-3.4692837283795193e-07,-0.053721294079878135
-3.4690337313839361e-07,-0.043502268454176374
-3.468783734388353e-07,-0.043388581616454758
-3.4685337373927698e-07,-0.036418157378648175
-3.4682837403971867e-07,-0.040790837374515831
-3.4680337434016035e-07,-0.035768721318163443
-3.4677837464060203e-07,-0.040542147416999796
-3.4675337494104372e-07,-0.049406878588342806
-3.467283752414854e-07,-0.048412118758278666
-3.4670337554192709e-07,-0.044899195472680731
-3.4667837584236877e-07,-0.050454218580853194
-3.4665337614281046e-07,-0.040820680169417756
-3.4662837644325214e-07,-0.038831160509289475
-3.4660337674369383e-07,-0.036916958379151765
-3.4657837704413551e-07,-0.03844320417556446
-3.465533773445772e-07,-0.038606629004789283
-3.4652837764501888e-07,-0.037853453704883577
-3.4650337794546056e-07,-0.036946801174053689
-3.4647837824590225e-07,-0.03240927526348969
-3.4645337854634393e-07,-0.024374458007514477
-3.4642837884678562e-07,-0.038787106859672349
-3.464033791472273e-07,-0.028217073122505099
-3.4637837944766899e-07,-0.027506530386744998
-3.4635337974811067e-07,-0.028947511054866482
-3.4632838004855236e-07,-0.025255530999857001
-3.4630338034899404e-07,-0.037206859815341886
-3.4627838064943573e-07,-0.033064395665860502
-3.4625338094987741e-07,-0.037564973354164977
-3.4622838125031909e-07,-0.025924862256943015
-3.4620338155076078e-07,-0.039331382595264586
-3.4617838185120246e-07,-0.035831249078910332
-3.4615338215164415e-07,-0.034199842957605142
-3.4612838245208583e-07,-0.036516212276183069
-3.4610338275252752e-07,-0.024303403733938467
-3.460783830529692e-07,-0.025326585273433011
-3.4605338335341089e-07,-0.039328540424321545
-3.4602838365385257e-07,-0.032355274015571922
-3.4600338395429426e-07,-0.026477664505364373
-3.4597838425473594e-07,-0.033880098726513097
-3.4595338455517762e-07,-0.024249402486020699
-3.4592838485561931e-07,-0.033810465538408607
-3.4590338515606099e-07,-0.040122927202901337
-3.4587838545650268e-07,-0.026921043172478676
-3.4585338575694436e-07,-0.032427749374619452
-3.4582838605738605e-07,-0.021533708149945596
-3.4580338635782773e-07,-0.022544099920196459
-3.4577838665826942e-07,-0.024692781153135002
-3.457533869587111e-07,-0.029945113055873662
-3.4572838725915279e-07,-0.026014390641648788
-3.4570338755959447e-07,-0.035704772471945034
-3.4567838786003615e-07,-0.039874237245385302
-3.4565338816047784e-07,-0.036544633985613473
-3.4562838846091952e-07,-0.020970958303223597
-3.4560338876136121e-07,-0.01964366447282373
-3.4557838906180289e-07,-0.021822188500664197
-3.4555338936224458e-07,-0.013460521586239338
-3.4552838966268626e-07,-0.0061945115703565534
-3.4550338996312795e-07,-0.025723068119987147
-3.4547839026356963e-07,-0.023045743091643089
-3.4545339056401132e-07,-0.016065371255535865
-3.45428390864453e-07,-0.015663204067095648
-3.4540339116489468e-07,-0.016046897144406103
-3.4537839146533637e-07,-0.019018386865354842
-3.4535339176577805e-07,-0.016872547803359339
-3.4532839206621974e-07,-0.023868551579653285
-3.4530339236666142e-07,-0.023882762434368487
-3.4527839266710311e-07,-0.023605650767422048
-3.4525339296754479e-07,-0.025426061256439425
-3.4522839326798648e-07,-0.025821123017522041
-3.4520339356842816e-07,-0.020470736217248486
-3.4517839386886985e-07,-0.021697132979170419
-3.4515339416931153e-07,-0.016329693153238622
-3.4512839446975321e-07,-0.017344348179904046
-3.451033947701949e-07,-0.029466207251971355
-3.4507839507063658e-07,-0.019846879695251118
-3.4505339537107827e-07,-0.034899017009593081
-3.4502839567151995e-07,-0.018675905266718473
-3.4500339597196164e-07,-0.029466207251971355
-3.4497839627240332e-07,-0.02581401759016444
-3.4495339657284501e-07,-0.018981438643095316
-3.4492839687328669e-07,-0.02574154223111691
-3.4490339717372838e-07,-0.021933033167442773
-3.4487839747417006e-07,-0.018401635770715075
-3.4485339777461174e-07,-0.018216894659417449
-3.4482839807505343e-07,-0.021395862859208137
-3.4480339837549511e-07,-0.020096990738238674
-3.447783986759368e-07,-0.0093649532573181204
-3.4475339897637848e-07,-0.02390265763096977
-3.4472839927682017e-07,-0.028970248422410805
-3.4470339957726185e-07,-0.014527756775351008
-3.4467839987770354e-07,-0.0092214236246945802
-3.4465340017814522e-07,-0.023156587758421665
-3.4462840047858691e-07,-0.013348255833989242
-3.4460340077902859e-07,-0.019056756173085887
-3.4457840107947027e-07,-0.01936513172040577
-3.4455340137991196e-07,-0.021680079953512177
-3.4452840168035364e-07,-0.014834711237199372
-3.4450340198079533e-07,-0.015093348793016048
-3.4447840228123701e-07,-0.012008172234345693
-3.444534025816787e-07,-0.016493117982463446
-3.4442840288212038e-07,-0.012614975730684819
-3.4440340318256207e-07,-0.0042234660213580355
-3.4437840348300375e-07,-0.0060950355873501394
-3.4435340378344544e-07,-0.013841372492606752
-3.4432840408388712e-07,-0.0048174797484534793
-3.443034043843288e-07,-0.011006306976923952
-3.4427840468477049e-07,0.00089102059064316563
-3.4425340498521217e-07,-0.0046696868594153784
-3.4422840528565386e-07,0.0079026563071238343
-3.4420340558609554e-07,-0.012218492884130683
-3.4417840588653723e-07,-0.0033352876016579103
-3.4415340618697891e-07,0.0024087398742267396
-3.441284064874206e-07,0.00027284841053187847
-3.4410340678786228e-07,-0.0078898665378801525
-3.4407840708830397e-07,-0.0051002757572859991
-3.4405340738874565e-07,-0.00047322146201622672
-3.4402840768918733e-07,-0.0069448446993192192
-3.4400340798962902e-07,0.00026005864128819667
-3.439784082900707e-07,-0.0027341684472048655
-3.4395340859051239e-07,-0.0060481397667899728
-3.4392840889095407e-07,-0.0036209257814334705
-3.4390340919139576e-07,-0.0059074523051094729
-3.4387840949183744e-07,0.0014068746168049984
-3.4385340979227913e-07,-0.009822542779147625
-3.4382841009272081e-07,-0.011081624506914522
-3.438034103931625e-07,-0.013156409295334015
-3.4377841069360418e-07,-0.0020364154806884471
-3.4375341099404586e-07,-0.0026318502932554111
-3.4372841129448755e-07,-0.0087823082139948383
-3.4370341159492923e-07,-0.0070812689045851585
-3.4367841189537092e-07,-0.010689404916774947
-3.436534121958126e-07,-0.010756195933936397
-3.4362841249625429e-07,-0.009212897111865459
-3.4360341279669597e-07,-0.0071921135713637341
-3.4357841309713766e-07,-0.0065810468186100479
-3.4355341339757934e-07,-0.009255529676011065
-3.4352841369802103e-07,-0.0013244516594568267
-3.4350341399846271e-07,-0.011522161003085785
-3.4347841429890439e-07,-0.0051002757572859991
-3.4345341459934608e-07,-0.013723422398470575
-3.4342841489978776e-07,-0.012933298876305344
-3.4340341520022945e-07,-0.0076838091445097234
-3.4337841550067113e-07,-0.0033182345759996679
-3.4335341580111282e-07,-0.0052637005865108222
-3.433284161015545e-07,-0.00043485215428518131
-3.4330341640199619e-07,0.0047876369535515551
-3.4327841670243787e-07,0.0085023543761053588
-3.4325341700287956e-07,0.0067572614170785528
-3.4322841730332124e-07,-0.0010913936421275139
-3.4320341760376292e-07,0.014473755527433241
-3.4317841790420461e-07,0.0047535309022350702
-3.4315341820464629e-07,0.0019952040020143613
-3.4312841850508798e-07,0.0017791990103432909
-3.4310341880552966e-07,0.0030112801141513046
-3.4307841910597135e-07,-0.0047322146201622672
-3.4305341940641303e-07,0.0020193624550302047
-3.4302841970685472e-07,0.015477041870326502
-3.430034200072964e-07,-0.0063195670918503311
-3.4297842030773809e-07,0.0048999027058016509
-3.4295342060817977e-07,0.0032144953365786932
-3.4292842090862145e-07,0.014998136066424195
-3.4290342120906314e-07,0.0025366375666635577
-3.4287842150950482e-07,0.010528822258493165
-3.4285342180994651e-07,-0.0031533886613033246
-3.4282842211038819e-07,0.011748113593057496
-3.4280342241082988e-07,0.0060268234847171698
-3.4277842271127156e-07,-0.0056616045185364783
-3.4275342301171325e-07,0.011144152267661411
-3.4272842331215493e-07,0.0081683992902981117
-3.4270342361259662e-07,0.0044224179873708636
-3.426784239130383e-07,0.01205506805490586
-3.4265342421347998e-07,0.0016484591469634324
-3.4262842451392167e-07,0.0092754248726123478
-3.4260342481436335e-07,0.005454126039694529
-3.4257842511480504e-07,0.0087467810772068333
-3.4255342541524672e-07,0.0025025315153470729
-3.4252842571568841e-07,0.0078173911788326222
-3.4250342601613009e-07,0.008304823495564051
-3.4247842631657178e-07,-0.00026574298317427747
-3.4245342661701346e-07,-0.00043485215428518131
-3.4242842691745515e-07,-0.0036763481148227584
-3.4240342721789683e-07,-0.0088206775217258837
-3.4237842751833851e-07,0.0049013237912731711
-3.423534278187802e-07,-0.0030581759347114712
-3.4232842811922188e-07,0.0157442059389723
-3.4230342841966357e-07,0.012347811662039021
-3.4227842872010525e-07,0.0029615421226480976
-3.4225342902054694e-07,0.0062144067669578362
-3.4222842932098862e-07,0.017679724351182813
-3.4220342962143031e-07,0.0030439650799962692
-3.4217842992187199e-07,0.0046355808080988936
-3.4215343022231367e-07,-0.0031235458664014004
-3.4212843052275536e-07,0.0058577143136062659
-3.4210343082319704e-07,0.011746692507585976
-3.4207843112363873e-07,0.017435297650081338
-3.4205343142408041e-07,0.014625811672885902
-3.420284317245221e-07,0.011711165370797971
-3.4200343202496378e-07,0.0052366999625519384
-3.4197843232540547e-07,0.0043712589103961363
-3.4195343262584715e-07,0.013584156022261595
-3.4192843292628884e-07,0.013140777355147293
-3.4190343322673052e-07,0.025156055016850587
-3.418784335271722e-07,0.009808331924432423
-3.4185343382761389e-07,0.016174794836842921
-3.4182843412805557e-07,0.0092512664195965044
-3.4180343442849726e-07,0.023086954570317175
-3.4177843472893894e-07,0.0068837380240438506
-3.4175343502938063e-07,0.0067601035880215932
-3.4172843532982231e-07,0.0096235908131347969
-3.41703435630264e-07,0.011614531558734598
-3.4167843593070568e-07,0.0087680973592796363
-3.4165343623114737e-07,0.0044479975258582272
-3.4162843653158905e-07,0.0098125951808469836
-3.4160343683203073e-07,0.0081485040936968289
-3.4157843713247242e-07,0.014856027519272175
-3.415534374329141e-07,0.019896617686754325
-3.4152843773335579e-07,0.0089116269919031765
-3.4150343803379747e-07,0.01999751475523226
-3.4147843833423916e-07,0.01808473371056607
-3.4145343863468084e-07,0.026216184778604656
-3.4142843893512253e-07,0.02070805749099236
-3.4140343923556421e-07,0.0073256956056866329
-3.413784395360059e-07,0.016575540939811617
-3.4135343983644758e-07,0.02922035946539836
-3.4132844013688926e-07,0.02574580548753147
-3.4130344043733095e-07,0.026508928385737818
-3.4127844073777263e-07,0.016196111118915724
-3.4125344103821432e-07,0.021150015072635142
-3.41228441338656e-07,0.0093834273684478831
-3.4120344163909769e-07,0.013712053714698413
-3.4117844193953937e-07,0.025019630811584648
-3.4115344223998106e-07,0.021834978269907879
-3.4112844254042274e-07,0.022949109279579716
-3.4110344284086443e-07,0.022738788629794726
-3.4107844314130611e-07,0.026683721898734802
-3.4105344344174779e-07,0.041625014546298189
-3.4102844374218948e-07,0.026075497316924157
-3.4100344404263116e-07,0.031573677006235812
-3.4097844434307285e-07,0.028967406251467764
-3.4095344464351453e-07,0.034080471777997445
-3.4092844494395622e-07,0.021043433662271127
-3.409034452443979e-07,0.02446967073410633
-3.4087844554483959e-07,0.026520297069509979
-3.4085344584528127e-07,0.022308199731924105
-3.4082844614572296e-07,0.027215207865083357
-3.4080344644616464e-07,0.023941026938700816
-3.4077844674660632e-07,0.040135716972145019
-3.4075344704704801e-07,0.030158275876601692
-3.4072844734748969e-07,0.0262403432316205
-3.4070344764793138e-07,0.028413182917574886
-3.4067844794837306e-07,0.0224133600568166
-3.4065344824881475e-07,0.019967671960330335
-3.4062844854925643e-07,0.016883916487131501
-3.4060344884969812e-07,0.022738788629794726
-3.405784491501398e-07,0.035068126180703985
-3.4055344945058149e-07,0.036830272165389033
-3.4052844975102317e-07,0.022161827928357525
-3.4050345005146485e-07,0.025352164811920375
-3.4047845035190654e-07,0.037206859815341886
-3.4045345065234822e-07,0.020799006961169653
-3.4042845095278991e-07,0.029537261525547365
-3.4040345125323159e-07,0.021741186628787545
-3.4037845155367328e-07,0.022993162929196842
-3.4035345185411496e-07,0.032392222237831447
-3.4032845215455665e-07,0.028819613362429664
-3.4030345245499833e-07,0.023415225314238342
-3.4027845275544002e-07,0.022008350697433343
-3.402534530558817e-07,0.018840751181414817
-3.4022845335632338e-07,0.036659741908806609
-3.4020345365676507e-07,0.015204193459794624
-3.4017845395720675e-07,0.026636826078174636
-3.4015345425764844e-07,0.031154456792137353
-3.4012845455809012e-07,0.027227997634327039
-3.4010345485853181e-07,0.029977798021718627
-3.4007845515897349e-07,0.024094504169624997
-3.4005345545941518e-07,0.031728575322631514
-3.4002845575985686e-07,0.031548097467748448
-3.4000345606029855e-07,0.046429704525507987
-3.3997845636074023e-07,0.046480863602482714
-3.3995345666118191e-07,0.037076119951962028
-3.399284569616236e-07,0.024479618332406972
-3.3990345726206528e-07,0.035136338283336954
-3.3987845756250697e-07,0.024989788016682724
-3.3985345786294865e-07,0.027360158583178418
-3.3982845816339034e-07,0.033602987059566658
-3.3980345846383202e-07,0.033203662042069482
-3.3977845876427371e-07,0.021739765543316025
-3.3975345906471539e-07,0.036745007037097821
-3.3972845936515708e-07,0.0331908722728258
-3.3970345966559876e-07,0.035296920941618737
-3.3967845996604044e-07,0.039553071928821737
-3.3965346026648213e-07,0.048304116262443131
-3.3962846056692381e-07,0.044082071326556616
-3.396034608673655e-07,0.04014282239950262
-3.3957846116780718e-07,0.038696157389495056
-3.3955346146824887e-07,0.040026293390837964
-3.3952846176869055e-07,0.049898574161488796
-3.3950346206913224e-07,0.048879655878408812
-3.3947846236957392e-07,0.034999914078071015
-3.3945346267001561e-07,0.046307491174957249
-3.3942846297045729e-07,0.041231373870687094
-3.3940346327089897e-07,0.044063597215426853
-3.3937846357134066e-07,0.041238479298044695
-3.3935346387178234e-07,0.044778403207601514
-3.3932846417222403e-07,0.034562219752842793
-3.3930346447266571e-07,0.050269477469555568
-3.392784647731074e-07,0.053147175549383974
-3.3925346507354908e-07,0.057312377066409681
-3.3922846537399077e-07,0.053596238558384357
-3.3920346567443245e-07,0.059243632222205633
-3.3917846597487414e-07,0.039369751902995631
-3.3915346627531582e-07,0.058203397657052847
-3.391284665757575e-07,0.045760373268421972
-3.3910346687619919e-07,0.049942627811105922
-3.3907846717664087e-07,0.044384762531990418
-3.3905346747708256e-07,0.04957314558851067
-3.3902846777752424e-07,0.049115556066681165
-3.3900346807796593e-07,0.043016257222916465
-3.3897846837840761e-07,0.04319105073591345
-3.389534686788493e-07,0.05460805141410674
-3.3892846897929098e-07,0.039824499253882095
-3.3890346927973267e-07,0.04659739261114737
-3.3887846958017435e-07,0.041796965888352133
-3.3885346988061603e-07,0.046263437525340123
-3.3882847018105772e-07,0.051248605359432986
-3.388034704814994e-07,0.047634785005357116
-3.3877847078194109e-07,0.044731507387041347
-3.3875347108238277e-07,0.047486992116319016
-3.3872847138282446e-07,0.053253756959747989
-3.3870347168326614e-07,0.04432507694218657
-3.3867847198370783e-07,0.046655657115479698
-3.3865347228414951e-07,0.045521630909206579
-3.386284725845912e-07,0.052656901061709505
-3.3860347288503288e-07,0.047501202971034218
-3.3857847318547456e-07,0.04482387794269016
-3.3855347348591625e-07,0.053375970310298726
-3.3852847378635793e-07,0.059380056427471573
-3.3850347408679962e-07,0.052689586027554469
-3.384784743872413e-07,0.061424998420989141
-3.3845347468768299e-07,0.055894133765832521
-3.3842847498812467e-07,0.056073190535244066
-3.3840347528856636e-07,0.047536730107822223
-3.3837847558900804e-07,0.060818194924650015
-3.3835347588944973e-07,0.058811622238863492
-3.3832847618989141e-07,0.049480775032861857
-3.3830347649033309e-07,0.067610983478516573
-3.3827847679077478e-07,0.061477578583435388
-3.3825347709121646e-07,0.04681197651734692
-3.3822847739165815e-07,0.045841375140298624
-3.3820347769209983e-07,0.051480242291290779
-3.3817847799254152e-07,0.073275430167996092
-3.381534782929832e-07,0.043793590975838015
-3.3812847859342489e-07,0.056843418860808015
-3.3810347889386657e-07,0.072076034030033043
-3.3807847919430826e-07,0.076406081461755093
-3.3805347949474994e-07,0.061970695242052898
-3.3802847979519162e-07,0.056634519296494545
-3.3800348009563331e-07,0.06915144012964447
-3.3797848039607499e-07,0.070721739575674292
-3.3795348069651668e-07,0.077542949838971253
-3.3792848099695836e-07,0.069584871198458131
-3.3790348129740005e-07,0.066214056460012216
-3.3787848159784173e-07,0.07070752872095909
-3.3785348189828342e-07,0.063280936046794523
-3.378284821987251e-07,0.073985972903756192
-3.3780348249916678e-07,0.058169291605736362
-3.3777848279960847e-07,0.059181104461458744
-3.3775348310005015e-07,0.064387961629108759
-3.3772848340049184e-07,0.061831428865843918
-3.3770348370093352e-07,0.06233733529370511
-3.3767848400137521e-07,0.075121420195500832
-3.3765348430181689e-07,0.069381655976030743
-3.3762848460225858e-07,0.06276650310610421
-3.3760348490270026e-07,0.065739413912524469
-3.3757848520314195e-07,0.072645889304112643
-3.3755348550358363e-07,0.071470651619165437
-3.3752848580402531e-07,0.072986949817277491
-3.37503486104467e-07,0.067522876179282321
-3.3747848640490868e-07,0.058805937896977412
-3.3745348670535037e-07,0.06858158485556487
-3.3742848700579205e-07,0.061697846831521019
-3.3740348730623374e-07,0.061147886754042702
-3.3737848760667542e-07,0.055230486850632587
-3.3735348790711711e-07,0.077766060257999925
-3.3732848820755879e-07,0.070882322233956074
-3.3730348850800048e-07,0.070627947934553958
-3.3727848880844216e-07,0.076697403983416734
-3.3725348910888384e-07,0.069233863086992642
-3.3722848940932553e-07,0.062735239225730766
-3.3720348970976721e-07,0.071216277319763321
-3.371784900102089e-07,0.074976469477405772
-3.3715349031065058e-07,0.073396222433075309
-3.3712849061109227e-07,0.068597216795751592
-3.3710349091153395e-07,0.06971703214730951
-3.3707849121197564e-07,0.069344707753771218
-3.3705349151241732e-07,0.075031891810795059
-3.3702849181285901e-07,0.081004714047594462
-3.3700349211330069e-07,0.066634697759582195
-3.3697849241374237e-07,0.07645155619684374
-3.3695349271418406e-07,0.069263705881894566
-3.3692849301462574e-07,0.071746342200640356
-3.3690349331506743e-07,0.073423223057034193
-3.3687849361550911e-07,0.074507511271804105
-3.368534939159508e-07,0.071663919243292185
-3.3682849421639248e-07,0.063037930431164568
-3.3680349451683417e-07,0.065774941049312474
-3.3677849481727585e-07,0.080582651662552962
-3.3675349511771754e-07,0.066262373366043903
-3.3672849541815922e-07,0.073804073963401606
-3.367034957186009e-07,0.065685412664606702
-3.3667849601904259e-07,0.07148628355935216
-3.3665349631948427e-07,0.0615628437117266
-3.3662849661992596e-07,0.076447292940429179
-3.3660349692036764e-07,0.074177819442411419
-3.3657849722080933e-07,0.070367889293265762
-3.3655349752125101e-07,0.077552897437271895
-3.365284978216927e-07,0.074028605467901798
-3.3650349812213438e-07,0.073573858117015334
-3.3647849842257607e-07,0.072333250500378199
-3.3645349872301775e-07,0.072402883688482689
-3.3642849902345943e-07,0.077010042787151178
-3.3640349932390112e-07,0.084808959854854038
-3.363784996243428e-07,0.078594553087896202
-3.3635349992478449e-07,0.068514793838403421
-3.3632850022522617e-07,0.070419048370240489
-3.3630350052566786e-07,0.076045125751988962
-3.3627850082610954e-07,0.071310068960883655
-3.3625350112655123e-07,0.080618178799340967
-3.3622850142699291e-07,0.076353501299308846
-3.362035017274346e-07,0.084850171333528124
-3.3617850202787628e-07,0.073337957928742981
-3.3615350232831796e-07,0.073252692800451769
-3.3612850262875965e-07,0.078235018463601591
-3.3610350292920133e-07,0.072564887432235992
-3.3607850322964302e-07,0.081951156971626915
-3.360535035300847e-07,0.074960837537219049
-3.3602850383052639e-07,0.079673156960780034
-3.3600350413096807e-07,0.080321171935793245
-3.3597850443140976e-07,0.085381657299876679
-3.3595350473185144e-07,0.084573059666581685
-3.3592850503229313e-07,0.084307316683407407
-3.3590350533273481e-07,0.082499695963633712
-3.3587850563317649e-07,0.076572348461922957
-3.3585350593361818e-07,0.077901063377794344
-3.3582850623405986e-07,0.088090246208594181
-3.3580350653450155e-07,0.086623686001985334
-3.3577850683494323e-07,0.082805229340010555
-3.3575350713538492e-07,0.08596146017225692
-3.357285074358266e-07,0.073563910518714692
-3.3570350773626829e-07,0.080203221841657069
-3.3567850803670997e-07,0.083423401520121843
-3.3565350833715166e-07,0.085935880633769557
-3.3562850863759334e-07,0.084453688486973988
-3.3560350893803502e-07,0.085444185060623568
-3.3557850923847671e-07,0.085790929915674496
-3.3555350953891839e-07,0.085876195043965708
-3.3552850983936008e-07,0.077834272360632895
-3.3550351013980176e-07,0.078122752711351495
-3.3547851044024345e-07,0.075434058999235276
-3.3545351074068513e-07,0.076107653512735851
-3.3542851104112682e-07,0.093655216915067285
-3.354035113415685e-07,0.090884100245602895
-3.3537851164201019e-07,0.092397556272771908
-3.3535351194245187e-07,0.090986418399552349
-3.3532851224289355e-07,0.084432372204901185
-3.3530351254333524e-07,0.089939078407041961
-3.3527851284377692e-07,0.087102591805887641
-3.3525351314421861e-07,0.091286267434043111
-3.3522851344466029e-07,0.092687457708962029
-3.3520351374510198e-07,0.087523233105457621
-3.3517851404554366e-07,0.076126127623865614
-3.3515351434598535e-07,0.085640294855693355
-3.3512851464642703e-07,0.076248340974416351
-3.3510351494686872e-07,0.079667472618893953
-3.350785152473104e-07,0.08170530918505392
-3.3505351554775208e-07,0.075546324751485372
-3.3502851584819377e-07,0.084949647316534538
-3.3500351614863545e-07,0.092467189460876398
-3.3497851644907714e-07,0.08737828238736256
-3.3495351674951882e-07,0.08269722684417502
-3.3492851704996051e-07,0.089875129560823552
-3.3490351735040219e-07,0.080804340996110113
-3.3487851765084388e-07,0.087399598669435363
-3.3485351795128556e-07,0.080635231824999209
-3.3482851825172725e-07,0.087608498233748833
-3.3480351855216893e-07,0.092398977358243428
-3.3477851885261061e-07,0.090912521955033299
-3.347535191530523e-07,0.092155971742613474
-3.3472851945349398e-07,0.091850438366236631
-3.3470351975393567e-07,0.09744951512402622
-3.3467852005437735e-07,0.098343377885612426
-3.3465352035481904e-07,0.086500051565963076
-3.3462852065526072e-07,0.083947782059112797
-3.3460352095570241e-07,0.088688523192104185
-3.3457852125614409e-07,0.083672091477637878
-3.3455352155658578e-07,0.10119265425601043
-3.3452852185702746e-07,0.089589491381047992
-3.3450352215746914e-07,0.094998142685653875
-3.3447852245791083e-07,0.093376684162649326
-3.3445352275835251e-07,0.10680025752662914
-3.344285230587942e-07,0.092173024768271716
-3.3440352335923588e-07,0.10105054570885841
-3.3437852365967757e-07,0.10616361123538809
-3.3435352396011925e-07,0.092740037871408276
-3.3432852426056094e-07,0.093257312983041629
-3.3430352456100262e-07,0.095566576874261955
-3.3427852486144431e-07,0.096056851361936424
-3.3425352516188599e-07,0.093896801445225719
-3.3422852546232767e-07,0.098924601843464188
-3.3420352576276936e-07,0.091057472673128359
-3.3417852606321104e-07,0.092275342922221171
-3.3415352636365273e-07,0.092616403435386019
-3.3412852666409441e-07,0.093226049102668185
-3.341035269645361e-07,0.11708465308402083
-3.3407852726497778e-07,0.094362917479884345
-3.3405352756541947e-07,0.081797679740702733
-3.3402852786586115e-07,0.10364828995079733
-3.3400352816630284e-07,0.098977182005910436
-3.3397852846674452e-07,0.10379324066889239
-3.339535287671862e-07,0.098845021057059057
-3.3392852906762789e-07,0.096819974260142772
-3.3390352936806957e-07,0.1006981165119214
-3.3387852966851126e-07,0.099309716006246163
-3.3385352996895294e-07,0.10260379212922999
-3.3382853026939463e-07,0.097509200713830069
-3.3380353056983631e-07,0.098799546321970411
-3.33778530870278e-07,0.09432739034309634
-3.3375353117071968e-07,0.094338759026868502
-3.3372853147116137e-07,0.09829790315052378
-3.3370353177160305e-07,0.1073956923391961
-3.3367853207204473e-07,0.096058272447407944
-3.3365353237248642e-07,0.10962395435853978
-3.336285326729281e-07,0.10115428494827938
-3.3360353297336979e-07,0.10884377843467519
-3.3357853327381147e-07,0.099934993613715051
-3.3355353357425316e-07,0.10564065178186866
-3.3352853387469484e-07,0.11129230870210449
-3.3350353417513653e-07,0.10254268545395462
-3.3347853447557821e-07,0.08815419505481259
-3.3345353477601989e-07,0.092653351657645544
-3.3342853507646158e-07,0.10335128308724961
-3.3340353537690326e-07,0.1038642949424684
-3.3337853567734495e-07,0.10487042345630471
-3.3335353597778663e-07,0.094998142685653875
-3.3332853627822832e-07,0.11133778343719314
-3.3330353657867e-07,0.099407770903781056
-3.3327853687911169e-07,0.10929852578556165
-3.3325353717955337e-07,0.10095106972585199
-3.3322853747999506e-07,0.10995222510246094
-3.3320353778043674e-07,0.10237499736831523
-3.3317853808087842e-07,0.097206509508396266
-3.3315353838132011e-07,0.10444551890032017
-3.3312853868176179e-07,0.098232533218833851
-3.3310353898220348e-07,0.10422098739581998
-3.3307853928264516e-07,0.099890939964097925
-3.3305353958308685e-07,0.11364136298652738
-3.3302853988352853e-07,0.11204406291653868
-3.3300354018397022e-07,0.11150689260830404
-3.329785404844119e-07,0.1097589574783342
-3.3295354078485359e-07,0.10255263305225526
-3.3292854108529527e-07,0.11125678156531649
-3.3290354138573695e-07,0.092678931196132908
-3.3287854168617864e-07,0.11025207413695171
-3.3285354198662032e-07,0.10845155884453561
-3.3282854228706201e-07,0.10378187198512023
-3.3280354258750369e-07,0.11049365866711014
-3.3277854288794538e-07,0.11070255823142361
-3.3275354318838706e-07,0.099301189493417041
-3.3272854348882875e-07,0.099652197604882531
-3.3270354378927043e-07,0.10852545528905466
-3.3267854408971212e-07,0.1069736299541546
-3.326535443901538e-07,0.10433467423354159
-3.3262854469059548e-07,0.11564509350137087
-3.3260354499103717e-07,0.11070966365878121
-3.3257854529147885e-07,0.1041385644384718
-3.3255354559192054e-07,0.11150973477924708
-3.3252854589236222e-07,0.10727347898864537
-3.3250354619280391e-07,0.1110961989070347
-3.3247854649324559e-07,0.10163319075218169
-3.3245354679368728e-07,0.11561809287741198
-3.3242854709412896e-07,0.11304734925943194
-3.3240354739457065e-07,0.11537366617631051
-3.3237854769501233e-07,0.11172858194186119
-3.3235354799545401e-07,0.11134773103549378
-3.323285482958957e-07,0.11384173603801173
-3.3230354859633738e-07,0.11366267926860019
-3.3227854889677907e-07,0.11147847089887364
-3.3225354919722075e-07,0.10533511840549181
-3.3222854949766244e-07,0.11710028502420755
-3.3220354979810412e-07,0.10822418516909238
-3.3217855009854581e-07,0.10546870043981471
-3.3215355039898749e-07,0.10041247833214584
-3.3212855069942918e-07,0.097990948688675417
-3.3210355099987086e-07,0.10820571105796262
-3.3207855130031254e-07,0.10129781458090292
-3.3205355160075423e-07,0.11416005918363226
-3.3202855190119591e-07,0.10447251952427905
-3.320035522016376e-07,0.11592931059567491
-3.3197855250207928e-07,0.11824425882878131
-3.3195355280252097e-07,0.12277467931198771
-3.3192855310296265e-07,0.11831815527330036
-3.3190355340340434e-07,0.11978613656538073
-3.3187855370384602e-07,0.10538485639699502
-3.3185355400428771e-07,0.12052367992509971
-3.3182855430472939e-07,0.11299334801151417
-3.3180355460517107e-07,0.11450538295321167
-3.3177855490561276e-07,0.12862386711276486
-3.3175355520605444e-07,0.11485496997920563
-3.3172855550649613e-07,0.11073950645368313
-3.3170355580693781e-07,0.10957137419609353
-3.316785561073795e-07,0.11179395187355112
-3.3165355640782118e-07,0.11394405419196119
-3.3162855670826287e-07,0.12188365872134455
-3.3160355700870455e-07,0.10317506848878111
-3.3157855730914624e-07,0.11274750022494118
-3.3155355760958792e-07,0.12175576102890773
-3.315285579100296e-07,0.11940670674448484
-3.3150355821047129e-07,0.10913652204180835
-3.3147855851091297e-07,0.13014442856729147
-3.3145355881135466e-07,0.12221335055073723
-3.3142855911179634e-07,0.11556835488590878
-3.3140355941223803e-07,0.10718395060393959
-3.3137855971267971e-07,0.12315268804741208
-3.313535600131214e-07,0.11876721828230075
-3.3132856031356308e-07,0.11954881529163686
-3.3130356061400477e-07,0.10383445214756648
-3.3127856091444645e-07,0.12775984714608057
-3.3125356121488813e-07,0.12670255955526954
-3.3122856151532982e-07,0.11529834864631994
-3.312035618157715e-07,0.11907985708603519
-3.3117856211621319e-07,0.1113349412662501
-3.3115356241665487e-07,0.12022667306155199
-3.3112856271709656e-07,0.12683045724770636
-3.3110356301753824e-07,0.12060326071150484
-3.3107856331797993e-07,0.12824443729186896
-3.3105356361842161e-07,0.1232592694577761
-3.310285639188633e-07,0.12371117463771952
-3.3100356421930498e-07,0.12013146033496014
-3.3097856451974666e-07,0.11564509350137087
-3.3095356482018835e-07,0.12387886272335891
-3.3092856512063003e-07,0.13915979479861562
-3.3090356542107172e-07,0.13208563132138806
-3.308785657215134e-07,0.12020819895042223
-3.3085356602195509e-07,0.12593091014423408
-3.3082856632239677e-07,0.12166481155873043
-3.3080356662283846e-07,0.13000800436202553
-3.3077856692328014e-07,0.12168754892627476
-3.3075356722372183e-07,0.12338432497926988
-3.3072856752416351e-07,0.11809220268332865
-3.3070356782460519e-07,0.11621636986092199
-3.3067856812504688e-07,0.12415171113389079
-3.3065356842548856e-07,0.11787903986260062
-3.3062856872593025e-07,0.12249330438862671
-3.3060356902637193e-07,0.12075389577148599
-3.3057856932681362e-07,0.1150354478340887
-3.305535696272553e-07,0.1184190523417783
-3.3052856992769699e-07,0.11531540167197818
-3.3050357022813867e-07,0.12528573734016391
-3.3047857052858036e-07,0.12181828878965462
-3.3045357082902204e-07,0.13059633374723489
-3.3042857112946372e-07,0.12620517964023747
-3.3040357142990541e-07,0.12081642353223288
-3.3037857173034709e-07,0.12567085150294588
-3.3035357203078878e-07,0.12035030749757425
-3.3032857233123046e-07,0.12143459571234416
-3.3030357263167215e-07,0.12121859072067309
-3.3027857293211383e-07,0.11314540415696683
-3.3025357323255552e-07,0.12749268307743478
-3.302285735329972e-07,0.1161609475275327
-3.3020357383343889e-07,0.1289436113438569
-3.3017857413388057e-07,0.11951044598390581
-3.3015357443432225e-07,0.12353780221019406
-3.3012857473476394e-07,0.12649365999095608
-3.3010357503520562e-07,0.12134222515669535
-3.3007857533564731e-07,0.1150141315520159
-3.3005357563608899e-07,0.12451977227101452
-3.3002857593653068e-07,0.1277754790862673
-3.3000357623697236e-07,0.1231541091328836
-3.2997857653741405e-07,0.12414460570653318
-3.2995357683785573e-07,0.12511378599810996
-3.2992857713829742e-07,0.13073702120891539
-3.299035774387391e-07,0.13027232625972829
-3.2987857773918078e-07,0.12929035619890783
-3.2985357803962247e-07,0.12547758387881913
-3.2982857834006415e-07,0.12342269428700092
-3.2980357864050584e-07,0.12022951523249503
-3.2977857894094752e-07,0.12776126823155209
-3.2975357924138921e-07,0.12709620023088064
-3.2972857954183089e-07,0.12718004427370033
-3.2970357984227258e-07,0.12649792324737064
-3.2967858014271426e-07,0.1277896899409825
-3.2965358044315595e-07,0.12860965625804965
-3.2962858074359763e-07,0.13764349660050357
-3.2960358104403931e-07,0.12757510603478295
-3.29578581344481e-07,0.13268817156131263
-3.2955358164492268e-07,0.12647660696529783
-3.2952858194536437e-07,0.12890097877971129
-3.2950358224580605e-07,0.1292249862672179
-3.2947858254624774e-07,0.12093153145542601
-3.2945358284668942e-07,0.13631478168463218
-3.2942858314713111e-07,0.13608314475277439
-3.2940358344757279e-07,0.13186536307330243
-3.2937858374801448e-07,0.13242242857813835
-3.2935358404845616e-07,0.12731788956443779
-3.2932858434889784e-07,0.14019150285093929
-3.2930358464933953e-07,0.1351978085040173
-3.2927858494978121e-07,0.12888961009593913
-3.292535852502229e-07,0.11923901865884545
-3.2922858555066458e-07,0.13704664070246508
-3.2920358585110627e-07,0.13944827514933422
-3.2917858615154795e-07,0.12889955769423977
-3.2915358645198964e-07,0.13800303122479818
-3.2912858675243132e-07,0.13703669310416444
-3.2910358705287301e-07,0.15098891026354977
-3.2907858735331469e-07,0.13124719089319115
-3.2905358765375637e-07,0.13397425391303841
-3.2902858795419806e-07,0.13807550658384571
-3.2900358825463974e-07,0.12040430874549202
-3.2897858855508143e-07,0.13735217407884193
-3.2895358885552311e-07,0.14026682038092986
-3.289285891559648e-07,0.13457395198201993
-3.2890358945640648e-07,0.12720278164124466
-3.2887858975684817e-07,0.12657324077736121
-3.2885359005728985e-07,0.1388485770803527
-3.2882859035773153e-07,0.13455405678541865
-3.2880359065817322e-07,0.14161827266434557
-3.287785909586149e-07,0.1343536837339343
-3.2875359125905659e-07,0.13429257705865894
-3.2872859155949827e-07,0.14247376611820073
-3.2870359185993996e-07,0.14424870187212946
-3.2867859216038164e-07,0.14102141676630708
-3.2865359246082333e-07,0.1400024984832271
-3.2862859276126501e-07,0.14450307617153157
-3.286035930617067e-07,0.1472557187298662
-3.2857859336214838e-07,0.1307583374909882
-3.2855359366259006e-07,0.13605898629975854
-3.2852859396303175e-07,0.1369983237964334
-3.2850359426347343e-07,0.1286622364204959
-3.2847859456391512e-07,0.14191527952789329
-3.284535948643568e-07,0.1421483375452226
-3.2842859516479849e-07,0.14155858707454172
-3.2840359546524017e-07,0.13211405303081847
-3.2837859576568186e-07,0.13973675550005282
-3.2835359606612354e-07,0.15253363017109223
-3.2832859636656523e-07,0.13759233752352884
-3.2830359666700691e-07,0.13299370493768947
-3.2827859696744859e-07,0.15195382729871199
-3.2825359726789028e-07,0.1394326432091475
-3.2822859756833196e-07,0.15363781358246342
-3.2820359786877365e-07,0.13766623396804789
-3.2817859816921533e-07,0.12857555020673317
-3.2815359846965702e-07,0.13732517345488304
-3.281285987700987e-07,0.13615846228276496
-3.2810359907054039e-07,0.1420076500835421
-3.2807859937098207e-07,0.15803038877493236
-3.2805359967142376e-07,0.14589005559173529
-3.2802859997186544e-07,0.13874057458451716
-3.2800360027230712e-07,0.14311325458038482
-3.2797860057274881e-07,0.14692886907141656
-3.2795360087319049e-07,0.14029239991941722
-3.2792860117363218e-07,0.1496687218605075
-3.2790360147407386e-07,0.15337064951381763
-3.2787860177451555e-07,0.15174634881987004
-3.2785360207495723e-07,0.14586021279683337
-3.2782860237539892e-07,0.14509993206957006
-3.278036026758406e-07,0.14453718222284806
-3.2777860297628229e-07,0.14317294017018867
-3.2775360327672397e-07,0.14032224271431915
-3.2772860357716565e-07,0.14581047480533016
-3.2770360387760734e-07,0.14288445981947007
-3.2767860417804902e-07,0.14591421404475113
-3.2765360447849071e-07,0.14202328202372883
-3.2762860477893239e-07,0.13665442111232551
-3.2760360507937408e-07,0.14700276551593561
-3.2757860537981576e-07,0.14753425148228416
-3.2755360568025745e-07,0.14657786095995107
-3.2752860598069913e-07,0.14419612170968321
-3.2750360628114082e-07,0.1429640406058752
-3.274786065815825e-07,0.14811973869655048
-3.2745360688202418e-07,0.16118946177812177
-3.2742860718246587e-07,0.154346935232752
-3.2740360748290755e-07,0.15611618664479465
