zp_m,df_hz
-3.9143464269588443e-07,-19.007153184702474
-3.9140964299632611e-07,-18.828058045983198
-3.913846432967678e-07,-18.635708443071053
-3.9135964359720948e-07,-18.508991672661068
-3.9133464389765116e-07,-18.301376769613853
-3.9130964419809285e-07,-18.132217860511446
-3.9128464449853453e-07,-17.982256395043805
-3.9125964479897622e-07,-17.836025278938905
-3.912346450994179e-07,-17.679855091046193
-3.9120964539985959e-07,-17.533905349864654
-3.9118464570030127e-07,-17.374999572439265
-3.9115964600074296e-07,-17.236961014077679
-3.9113464630118464e-07,-17.081012515518523
-3.9110964660162633e-07,-16.929050161706982
-3.9108464690206801e-07,-16.814388459351903
-3.9105964720250969e-07,-16.647172174089064
-3.9103464750295138e-07,-16.511377509687009
-3.9100964780339306e-07,-16.358292498352967
-3.9098464810383475e-07,-16.269049751826969
-3.9095964840427643e-07,-16.085373033547512
-3.9093464870471812e-07,-15.924145202461659
-3.909096490051598e-07,-15.823083288069029
-3.9088464930560149e-07,-15.695229649281828
-3.9085964960604317e-07,-15.529749930465186
-3.9083464990648486e-07,-15.392862451335532
-3.9080965020692654e-07,-15.278274645424972
-3.9078465050736822e-07,-15.172057032941666
-3.9075965080780991e-07,-15.056097879551089
-3.9073465110825159e-07,-14.918876445335627
-3.9070965140869328e-07,-14.816771454206901
-3.9068465170913496e-07,-14.703348938382987
-3.9065965200957665e-07,-14.591739727620734
-3.9063465231001833e-07,-14.472777820628835
-3.9060965261046002e-07,-14.384477253770456
-3.905846529109017e-07,-14.243138934944
-3.9055965321134339e-07,-14.128031011750863
-3.9053465351178507e-07,-14.022118932643934
-3.9050965381222675e-07,-13.908696416820021
-3.9048465411266844e-07,-13.812577037697338
-3.9045965441311012e-07,-13.704324430818815
-3.9043465471355181e-07,-13.606111792796582
-3.9040965501399349e-07,-13.527052544759499
-3.9038465531443518e-07,-13.422413758235052
-3.9035965561487686e-07,-13.311546354088932
-3.9033465591531855e-07,-13.185066904952691
-3.9030965621576023e-07,-13.104552465392771
-3.9028465651620192e-07,-13.014273747558036
-3.902596568166436e-07,-12.892996892333031
-3.9023465711708528e-07,-12.791895187547198
-3.9020965741752697e-07,-12.701373464096832
-3.9018465771796865e-07,-12.594053089287627
-3.9015965801841034e-07,-12.528609261153179
-3.9013465831885202e-07,-12.500532875492354
-3.9010965861929371e-07,-12.39485953874464
-3.9008465891973539e-07,-12.277656935566483
-3.9005965922017708e-07,-12.224077750033757
-3.9003465952061876e-07,-12.132410631693347
-3.9000965982106045e-07,-12.038816521453555
-3.8998466012150213e-07,-11.953187595281634
-3.8995966042194381e-07,-11.855638604174601
-3.899346607223855e-07,-11.784781861479132
-3.8990966102282718e-07,-11.692686996411794
-3.8988466132326887e-07,-11.624969431522914
-3.8985966162371055e-07,-11.564603141778207
-3.8983466192415224e-07,-11.478057615477155
-3.8980966222459392e-07,-11.393655086067156
-3.8978466252503561e-07,-11.323317039568792
-3.8975966282547729e-07,-11.236045338591794
-3.8973466312591898e-07,-11.233512964281545
-3.8970966342636066e-07,-11.181126069459424
-3.8968466372680234e-07,-11.077847261731222
-3.8965966402724403e-07,-11.035270119919005
-3.8963466432768571e-07,-10.975313102790096
-3.896096646281274e-07,-10.878567024974473
-3.8958466492856908e-07,-10.819947249274264
-3.8955966522901077e-07,-10.718326848291326
-3.8953466552945245e-07,-10.667312722034694
-3.8950966582989414e-07,-10.586022369807324
-3.8948466613033582e-07,-10.521046078793006
-3.8945966643077751e-07,-10.453591414716357
-3.8943466673121919e-07,-10.386925453076401
-3.8940966703166087e-07,-10.307252296115621
-3.8938466733210256e-07,-10.235748959530611
-3.8935966763254424e-07,-10.184264453982905
-3.8933466793298593e-07,-10.111405401858065
-3.8930966823342761e-07,-10.079573087296012
-3.892846685338693e-07,-9.9983779477952339
-3.8925966883431098e-07,-9.9299896305637958
-3.8923466913475267e-07,-9.8531955927683157
-3.8920966943519435e-07,-9.7936023735201161
-3.8918466973563604e-07,-9.7372279128649097
-3.8915967003607772e-07,-9.6786379799596034
-3.891346703365194e-07,-9.6079830314010906
-3.8910967063696109e-07,-9.5492495688631607
-3.8908467093740277e-07,-9.4494197355743381
-3.8905967123784446e-07,-9.4285681484507222
-3.8903467153828614e-07,-9.3592404937226092
-3.8900967183872783e-07,-9.3116199195719673
-3.8898467213916951e-07,-9.2407404395089543
-3.889596724396112e-07,-9.1935760337946704
-3.8893467274005288e-07,-9.1528249868133571
-3.8890967304049457e-07,-9.0765681193261116
-3.8888467334093625e-07,-9.0288480691924633
-3.8885967364137793e-07,-8.9802441038955294
-3.8883467394181962e-07,-8.946098262185842
-3.888096742422613e-07,-8.8597772673892905
-3.8878467454270299e-07,-8.8237911199939845
-3.8875967484314467e-07,-8.7702375139997457
-3.8873467514358636e-07,-8.7327663322867011
-3.8870967544402804e-07,-8.6561470880042179
-3.8868467574446973e-07,-8.5922906123414577
-3.8865967604491141e-07,-8.5585313058800239
-3.886346763453531e-07,-8.4890501739209867
-3.8860967664579478e-07,-8.4534377720046905
-3.8858467694623646e-07,-8.408096618950367
-3.8855967724667815e-07,-8.3451624277586234
-3.8853467754711983e-07,-8.306651011480426
-3.8850967784756152e-07,-8.2605652096390259
-3.884846781480032e-07,-8.219066671699693
-3.8845967844844489e-07,-8.1524589745640696
-3.8843467874888657e-07,-8.1067057067230053
-3.8840967904932826e-07,-8.0634976029614336
-3.8838467934976994e-07,-8.0218185871672176
-3.8835967965021163e-07,-7.9767204397285241
-3.8833467995065331e-07,-7.9307710620923899
-3.8830968025109499e-07,-7.8863834573894565
-3.8828468055153668e-07,-7.830563220068143
-3.8825968085197836e-07,-7.7941024301253492
-3.8823468115242005e-07,-7.7458054192902637
-3.8820968145286173e-07,-7.7055773317624698
-3.8818468175330342e-07,-7.659579637220304
-3.881596820537451e-07,-7.6359825129657111
-3.8813468235418679e-07,-7.5801509069606254
-3.8810968265462847e-07,-7.5412387445794593
-3.8808468295507016e-07,-7.4984725983995304
-3.8805968325551184e-07,-7.4654636250670592
-3.8803468355595352e-07,-7.4256746529499651
-3.8800968385639521e-07,-7.3753255946940044
-3.8798468415683689e-07,-7.3306807735207258
-3.8795968445727858e-07,-7.2847853971325094
-3.8793468475772026e-07,-7.2647893034627486
-3.8790968505816195e-07,-7.2156154828917352
-3.8788468535860363e-07,-7.1886233854456805
-3.8785968565904532e-07,-7.1402624257643765
-3.87834685959487e-07,-7.1144967250802438
-3.8780968625992869e-07,-7.0614518676848093
-3.8778468656037037e-07,-7.0257485162983357
-3.8775968686081205e-07,-6.9833959059906192
-3.8773468716125374e-07,-6.9483519382629311
-3.8770968746169542e-07,-6.9207999331410974
-3.8768468776213711e-07,-6.8880183334840694
-3.8765968806257879e-07,-6.8345272552505776
-3.8763468836302048e-07,-6.8032036892873293
-3.8760968866346216e-07,-6.7653203927875438
-3.8758468896390385e-07,-6.731670509907417
-3.8755968926434553e-07,-6.7109439783052949
-3.8753468956478722e-07,-6.6549347366162692
-3.875096898652289e-07,-6.637262117692444
-3.8748469016567058e-07,-6.5970453988484223
-3.8745969046611227e-07,-6.5635020973786595
-3.8743469076655395e-07,-6.5327483866894909
-3.8740969106699564e-07,-6.4852358150346845
-3.8738469136743732e-07,-6.4621985984558705
-3.8735969166787901e-07,-6.4227847929032578
-3.8733469196832069e-07,-6.3816855799814221
-3.8730969226876238e-07,-6.3463602373303729
-3.8728469256920406e-07,-6.327090318336559
-3.8725969286964575e-07,-6.296980359365989
-3.8723469317008743e-07,-6.2541332113141834
-3.8720969347052911e-07,-6.2365558051169501
-3.871846937709708e-07,-6.1893615566077642
-3.8715969407141248e-07,-6.1678136376031034
-3.8713469437185417e-07,-6.1395127204377786
-3.8710969467229585e-07,-6.0968588400100998
-3.8708469497273754e-07,-6.0908433852091548
-3.8705969527317922e-07,-6.0544707025655953
-3.8703469557362091e-07,-6.0319607086967153
-3.8700969587406259e-07,-5.9905389093728445
-3.8698469617450427e-07,-5.953639004019351
-3.8695969647494596e-07,-5.9270050201121194
-3.8693469677538764e-07,-5.9032487342847162
-3.8690969707582933e-07,-5.8585882811712509
-3.8688469737627101e-07,-5.8325412055637571
-3.868596976767127e-07,-5.8239407962901169
-3.8683469797715438e-07,-5.7815711329567421
-3.8680969827759607e-07,-5.7587257629165833
-3.8678469857803775e-07,-5.7079034831986064
-3.8675969887847944e-07,-5.7070622005994665
-3.8673469917892112e-07,-5.6797560432642058
-3.867096994793628e-07,-5.6549438909314631
-3.8668469977980449e-07,-5.6099736411852064
-3.8665970008024617e-07,-5.6009341165008664
-3.8663470038068786e-07,-5.5688872180326143
-3.8660970068112954e-07,-5.5432778367503488
-3.8658470098157123e-07,-5.5004178989292996
-3.8655970128201291e-07,-5.4739373922529921
-3.865347015824546e-07,-5.4516249292646535
-3.8650970188289628e-07,-5.4244281955106999
-3.8648470218333797e-07,-5.411597214788344
-3.8645970248377965e-07,-5.3789307230545091
-3.8643470278422133e-07,-5.3595087479152426
-3.8640970308466302e-07,-5.3266461463863379
-3.863847033851047e-07,-5.3027832791485707
-3.8635970368554639e-07,-5.2813959428021917
-3.8633470398598807e-07,-5.2662528560176725
-3.8630970428642976e-07,-5.2521116344905749
-3.8628470458687144e-07,-5.2146660323160177
-3.8625970488731313e-07,-5.1820904900523601
-3.8623470518775481e-07,-5.1729841743508587
-3.862097054881965e-07,-5.1480753882060526
-3.8618470578863818e-07,-5.1380595778027782
-3.8615970608907986e-07,-5.099740008063236
-3.8613470638952155e-07,-5.0760917247316684
-3.8610970668996323e-07,-5.0585484245857515
-3.8608470699040492e-07,-5.0375433602312114
-3.860597072908466e-07,-5.0108965865547361
-3.8603470759128829e-07,-4.9722345352165576
-3.8600970789172997e-07,-4.9490694209453068
-3.8598470819217166e-07,-4.9419412562201614
-3.8595970849261334e-07,-4.8964267307383125
-3.8593470879305503e-07,-4.8889248205341573
-3.8590970909349671e-07,-4.8544634978497925
-3.8588470939393839e-07,-4.8497909688194341
-3.8585970969438008e-07,-4.8350386805395829
-3.8583470999482176e-07,-4.8031054689090524
-3.8580971029526345e-07,-4.7861377083791012
-3.8578471059570513e-07,-4.7659924007348309
-3.8575971089614682e-07,-4.7308688522207376
-3.857347111965885e-07,-4.7360430244225427
-3.8570971149703019e-07,-4.7062144403753337
-3.8568471179747187e-07,-4.6812118625894072
-3.8565971209791356e-07,-4.6664169417454104
-3.8563471239835524e-07,-4.6434294631580997
-3.8560971269879692e-07,-4.6121854779812566
-3.8558471299923861e-07,-4.6050686819398834
-3.8555971329968029e-07,-4.5690171646128874
-3.8553471360012198e-07,-4.549994514491118
-3.8550971390056366e-07,-4.5351796984505199
-3.8548471420100535e-07,-4.5165037931838015
-3.8545971450144703e-07,-4.4947114474780392
-3.8543471480188872e-07,-4.4766295559384162
-3.854097151023304e-07,-4.4555676481650153
-3.8538471540277209e-07,-4.428467548223125
-3.8535971570321377e-07,-4.4051688519175514
-3.8533471600365545e-07,-4.3962501194982906
-3.8530971630409714e-07,-4.3862044663001143
-3.8528471660453882e-07,-4.3662211623995972
-3.8525971690498051e-07,-4.3496044099811115
-3.8523471720542219e-07,-4.3345693256924278
-3.8520971750586388e-07,-4.3103156599499926
-3.8518471780630556e-07,-4.3074862787761958
-3.8515971810674725e-07,-4.274114928648487
-3.8513471840718893e-07,-4.2471668848520494
-3.8510971870763062e-07,-4.2204916894661437
-3.850847190080723e-07,-4.2101078179257456
-3.8505971930851398e-07,-4.1949732576540555
-3.8503471960895567e-07,-4.1904328895725484
-3.8500971990939735e-07,-4.1580065612834005
-3.8498472020983904e-07,-4.1425849417464633
-3.8495972051028072e-07,-4.1263277239522722
-3.8493472081072241e-07,-4.1143422890854708
-3.8490972111116409e-07,-4.0889247543418605
-3.8488472141160578e-07,-4.0872109252632072
-3.8485972171204746e-07,-4.063386427333171
-3.8483472201248915e-07,-4.0339884321838326
-3.8480972231293083e-07,-4.0070588624985248
-3.8478472261337251e-07,-4.020016319827846
-3.847597229138142e-07,-3.9985948774301505
-3.8473472321425588e-07,-3.9760763570484414
-3.8470972351469757e-07,-3.9544090668641729
-3.8468472381513925e-07,-3.9472084267799801
-3.8465972411558094e-07,-3.9257074035958794
-3.8463472441602262e-07,-3.9197473711283237
-3.8460972471646431e-07,-3.903411993633199
-3.8458472501690599e-07,-3.8680653347000771
-3.8455972531734768e-07,-3.844566265343019
-3.8453472561778936e-07,-3.8533030988219252
-3.8450972591823104e-07,-3.8406369640142657
-3.8448472621867273e-07,-3.8181056538633129
-3.8445972651911441e-07,-3.8062779594838503
-3.844347268195561e-07,-3.780898794047971
-3.8440972711999778e-07,-3.7734238844677748
-3.8438472742043947e-07,-3.7614526604556886
-3.8435972772088115e-07,-3.7485932580239023
-3.8433472802132284e-07,-3.7285531107045244
-3.8430972832176452e-07,-3.7046277157060103
-3.8428472862220621e-07,-3.6911373513248691
-3.8425972892264789e-07,-3.6858040175502538
-3.8423472922308957e-07,-3.6716016893478809
-3.8420972952353126e-07,-3.6508168932414264
-3.8418472982397294e-07,-3.6507373124550213
-3.8415973012441463e-07,-3.6265532799006905
-3.8413473042485631e-07,-3.6067746123080724
-3.84109730725298e-07,-3.6080791687709279
-3.8408473102573968e-07,-3.5773368267655314
-3.8405973132618137e-07,-3.5608536563813686
-3.8403473162662305e-07,-3.5563701317187224
-3.8400973192706474e-07,-3.5488710636855103
-3.8398473222750642e-07,-3.5325683711562306
-3.839597325279481e-07,-3.5096434203296667
-3.8393473282838979e-07,-3.4997540865333576
-3.8390973312883147e-07,-3.4848042673729651
-3.8388473342927316e-07,-3.4724635611382837
-3.8385973372971484e-07,-3.4633274026418803
-3.8383473403015653e-07,-3.4470303944544867
-3.8380973433059821e-07,-3.4458707887097262
-3.837847346310399e-07,-3.4159441497649823
-3.8375973493148158e-07,-3.4090376743733941
-3.8373473523192327e-07,-3.4043310392917192
-3.8370973553236495e-07,-3.3847157965283259
-3.8368473583280663e-07,-3.3771684115890821
-3.8365973613324832e-07,-3.3736739624146139
-3.8363473643369e-07,-3.3513700259391044
-3.8360973673413169e-07,-3.3450575642746117
-3.8358473703457337e-07,-3.3260121767852979
-3.8355973733501506e-07,-3.3170522328873631
-3.8353473763545674e-07,-3.3155430401166086
-3.8350973793589843e-07,-3.2986662290568347
-3.8348473823634011e-07,-3.2852241815817251
-3.834597385367818e-07,-3.246134383516619
-3.8343473883722348e-07,-3.2461755949952931
-3.8340973913766516e-07,-3.2308705044670205
-3.8338473943810685e-07,-3.235442136428901
-3.8335973973854853e-07,-3.2098938618219108
-3.8333474003899022e-07,-3.2250582648885029
-3.833097403394319e-07,-3.1994360938369937
-3.8328474063987359e-07,-3.1812248835194623
-3.8325974094031527e-07,-3.1799260113984928
-3.8323474124075696e-07,-3.1540764666715404
-3.8320974154119864e-07,-3.150070426727325
-3.8318474184164033e-07,-3.1274936418412835
-3.8315974214208201e-07,-3.1206738526634581
-3.8313474244252369e-07,-3.1245946274793823
-3.8310974274296538e-07,-3.100865342275938
-3.8308474304340706e-07,-3.0941862405597931
-3.8305974334384875e-07,-3.0776632797824277
-3.8303474364429043e-07,-3.0693527719449776
-3.8300974394473212e-07,-3.0552314456144813
-3.829847442451738e-07,-3.0278570761765877
-3.8295974454561549e-07,-3.0255677074819687
-3.8293474484605717e-07,-3.0188033406375325
-3.8290974514649886e-07,-3.0081039881224569
-3.8288474544694054e-07,-2.9881391583330696
-3.8285974574738222e-07,-2.9955373292978038
-3.8283474604782391e-07,-2.9847271321159496
-3.8280974634826559e-07,-2.9644141363860399
-3.8278474664870728e-07,-2.9657570621566265
-3.8275974694914896e-07,-2.9412163371489441
-3.8273474724959065e-07,-2.9420377245514828
-3.8270974755003233e-07,-2.9076971941321972
-3.8268474785047402e-07,-2.9110964305800735
-3.826597481509157e-07,-2.9016689495620085
-3.8263474845135739e-07,-2.8928127449034946
-3.8260974875179907e-07,-2.8691459874607972
-3.8258474905224075e-07,-2.8794559625566762
-3.8255974935268244e-07,-2.8469372637118795
-3.8253474965312412e-07,-2.8562695320033527
-3.8250974995356581e-07,-2.8456781819841126
-3.8248475025400749e-07,-2.8278634545131354
-3.8245975055444918e-07,-2.8371118787617888
-3.8243475085489086e-07,-2.8193383627694857
-3.8240975115533255e-07,-2.8074268243472034
-3.8238475145577423e-07,-2.7973314331575239
-3.8235975175621591e-07,-2.7900355803467392
-3.823347520566576e-07,-2.7796929202850151
-3.8230975235709928e-07,-2.7722137474484043
-3.8228475265754097e-07,-2.7587276463236776
-3.8225975295798265e-07,-2.7456650286694639
-3.8223475325842434e-07,-2.7531356749932456
-3.8220975355886602e-07,-2.723542991134309
-3.8218475385930771e-07,-2.7386803935769422
-3.8215975415974939e-07,-2.7236183086642995
-3.8213475446019108e-07,-2.7053687290390371
-3.8210975476063276e-07,-2.7020121251553064
-3.8208475506107444e-07,-2.688688027774333
-3.8205975536151613e-07,-2.6884109161073866
-3.8203475566195781e-07,-2.6596779889587197
-3.820097559623995e-07,-2.6663840912988235
-3.8198475626284118e-07,-2.6411115072733082
-3.8195975656328287e-07,-2.6378273787486251
-3.8193475686372455e-07,-2.6411882458887703
-3.8190975716416624e-07,-2.6192921609435871
-3.8188475746460792e-07,-2.6059055358018668
-3.8185975776504961e-07,-2.6018184939857747
-3.8183475806549129e-07,-2.5915923629327153
-3.8180975836593297e-07,-2.5921806923179247
-3.8178475866637466e-07,-2.5867436193038884
-3.8175975896681634e-07,-2.5647338475209835
-3.8173475926725803e-07,-2.5712836304592201
-3.8170975956769971e-07,-2.5487707944193971
-3.816847598681414e-07,-2.5493307020951761
-3.8165976016858308e-07,-2.5328105834887538
-3.8163476046902477e-07,-2.5248894530705002
-3.8160976076946645e-07,-2.5203505060744646
-3.8158476106990814e-07,-2.5013889626279706
-3.8155976137034982e-07,-2.4908715090532496
-3.815347616707915e-07,-2.4924048602770199
-3.8150976197123319e-07,-2.4786970698187361
-3.8148476227167487e-07,-2.4787439656392962
-3.8145976257211656e-07,-2.4601916948086
-3.8143476287255824e-07,-2.4654198682583228
-3.8140976317299993e-07,-2.4594115188847354
-3.8138476347344161e-07,-2.4569203560531605
-3.813597637738833e-07,-2.4352274863304046
-3.8133476407432498e-07,-2.4251320951407251
-3.8130976437476667e-07,-2.418367728296289
-3.8128476467520835e-07,-2.3972688723006286
-3.8125976497565003e-07,-2.3861744580244704
-3.8123476527609172e-07,-2.3894827450021694
-3.812097655765334e-07,-2.3723686126686516
-3.8118476587697509e-07,-2.3696998141531367
-3.8115976617741677e-07,-2.3590345676893776
-3.8113476647785846e-07,-2.3474839849768614
-3.8110976677830014e-07,-2.3535520199402526
-3.8108476707874183e-07,-2.3463400111722876
-3.8105976737918351e-07,-2.3386334646602336
-3.810347676796252e-07,-2.3357230816145602
-3.8100976798006688e-07,-2.3180845687420515
-3.8098476828050856e-07,-2.3136749405239243
-3.8095976858095025e-07,-2.3100881207938073
-3.8093476888139193e-07,-2.2938806409911194
-3.8090976918183362e-07,-2.2967924451222643
-3.808847694822753e-07,-2.2943865474189806
-3.8085976978271699e-07,-2.2801671661909495
-3.8083477008315867e-07,-2.2669297550237388
-3.8080977038360036e-07,-2.2657189902020036
-3.8078477068404204e-07,-2.2575250113732181
-3.8075977098448373e-07,-2.2514399233841687
-3.8073477128492541e-07,-2.2288872969511431
-3.8070977158536709e-07,-2.2405487243304378
-3.8068477188580878e-07,-2.2316086756291043
-3.8065977218625046e-07,-2.2242772956815315
-3.8063477248669215e-07,-2.2069286842452129
-3.8060977278713383e-07,-2.2067325744501431
-3.8058477308757552e-07,-2.1896624957662425
-3.805597733880172e-07,-2.1941204408904014
-3.8053477368845889e-07,-2.1754701151621703
-3.8050977398890057e-07,-2.180692604270007
-3.8048477428934226e-07,-2.1619669610117853
-3.8045977458978394e-07,-2.1611256784126454
-3.8043477489022562e-07,-2.1649100290233037
-3.8040977519066731e-07,-2.1491089796654705
-3.8038477549110899e-07,-2.1283412365846743
-3.8035977579155068e-07,-2.1304117581166793
-3.8033477609199236e-07,-2.1261854499243782
-3.8030977639243405e-07,-2.1102835034980671
-3.8028477669287573e-07,-2.1187460674809699
-3.8025977699331742e-07,-2.1073446987429634
-3.802347772937591e-07,-2.115058350682375
-3.8020977759420079e-07,-2.0962559688086913
-3.8018477789464247e-07,-2.0971313574591477
-3.8015977819508415e-07,-2.0970816194676445
-3.8013477849552584e-07,-2.0556271351779287
-3.8010977879596752e-07,-2.0762357166859147
-3.8008477909640921e-07,-2.0738582406920614
-3.8005977939685089e-07,-2.0535310341074364
-3.8003477969729258e-07,-2.0520033672255522
-3.8000977999773426e-07,-2.0390928057167912
-3.7998478029817595e-07,-2.0240278786332055
-3.7995978059861763e-07,-2.0313336790422909
-3.7993478089905932e-07,-2.0125142441429489
-3.79909781199501e-07,-2.0088208430024679
-3.7988478149994268e-07,-2.0147851387264382
-3.7985978180038437e-07,-2.0135203726567852
-3.7983478210082605e-07,-2.0067929540346086
-3.7980978240126774e-07,-1.9917891336262983
-3.7978478270170942e-07,-1.9918630300708173
-3.7975978300215111e-07,-1.9811679408121563
-3.7973478330259279e-07,-1.9740909351639857
-3.7970978360303448e-07,-1.9699129438777163
-3.7968478390347616e-07,-1.9699484710145043
-3.7965978420391785e-07,-1.9542468976396776
-3.7963478450435953e-07,-1.962290241408482
-3.7960978480480121e-07,-1.9496255276862939
-3.795847851052429e-07,-1.9389830185900792
-3.7955978540568458e-07,-1.9208030721529212
-3.7953478570612627e-07,-1.9259047689956788
-3.7950978600656795e-07,-1.9148160390614066
-3.7948478630700964e-07,-1.922542480770062
-3.7945978660745132e-07,-1.9141666030009219
-3.7943478690789301e-07,-1.911888602990075
-3.7940978720833469e-07,-1.8989638306265988
-3.7938478750877638e-07,-1.9029400277759123
-3.7935978780921806e-07,-1.9065595324718743
-3.7933478810965974e-07,-1.8705478055380809
-3.7930978841010143e-07,-1.8856908923226001
-3.7928478871054311e-07,-1.8829496184480377
-3.792597890109848e-07,-1.871119081897632
-3.7923478931142648e-07,-1.8577111404738389
-3.7920978961186817e-07,-1.858913378782745
-3.7918478991230985e-07,-1.8651547861736617
-3.7915979021275154e-07,-1.8384511690783256
-3.7913479051319322e-07,-1.8331078877054097
-3.7910979081363491e-07,-1.8300269744031539
-3.7908479111407659e-07,-1.8279834534951078
-3.7905979141451827e-07,-1.8316754335501173
-3.7903479171495996e-07,-1.8136034896087949
-3.7900979201540164e-07,-1.800808036023227
-3.7898479231584333e-07,-1.8158885950469994
-3.7895979261628501e-07,-1.8070522855850868
-3.789347929167267e-07,-1.8066586449094757
-3.7890979321716838e-07,-1.7896169879350055
-3.7888479351761007e-07,-1.7813931663113181
-3.7885979381805175e-07,-1.7797276541386964
-3.7883479411849344e-07,-1.7775491301108559
-3.7880979441893512e-07,-1.7628977388994826
-3.787847947193768e-07,-1.7686474507172534
-3.7875979501981849e-07,-1.7749428593560879
-3.7873479532026017e-07,-1.7639564475757652
-3.7870979562070186e-07,-1.7532130414110725
-3.7868479592114354e-07,-1.7542419072924531
-3.7865979622158523e-07,-1.7438381405554537
-3.7863479652202691e-07,-1.734537136144354
-3.786097968224686e-07,-1.7188341416840558
-3.7858479712291028e-07,-1.7289380593865644
-3.7855979742335197e-07,-1.7152103737316793
-3.7853479772379365e-07,-1.7186437162308721
-3.7850979802423533e-07,-1.7135292296188709
-3.7848479832467702e-07,-1.7076146718864038
-3.784597986251187e-07,-1.7068231272787671
-3.7843479892556039e-07,-1.7071712932192895
-3.7840979922600207e-07,-1.686872508344095
-3.7838479952644376e-07,-1.674915495186724
-3.7835979982688544e-07,-1.6857612195053662
-3.7833480012732713e-07,-1.6727142337913392
-3.7830980042776881e-07,-1.673259930612403
-3.782848007282105e-07,-1.6651966916469974
-3.7825980102865218e-07,-1.6672586866661732
-3.7823480132909386e-07,-1.6515386391802167
-3.7820980162953555e-07,-1.652014702813176
-3.7818480192997723e-07,-1.6475951269967481
-3.7815980223041892e-07,-1.6348266740351391
-3.781348025308606e-07,-1.6324307239301561
-3.7810980283130229e-07,-1.6214414699788904
-3.7808480313174397e-07,-1.6114711343107047
-3.7805980343218566e-07,-1.6125909496622626
-3.7803480373262734e-07,-1.6123721024996485
-3.7800980403306902e-07,-1.615507017049822
-3.7798480433351071e-07,-1.605972954621393
-3.7795980463395239e-07,-1.6061463270489185
-3.7793480493439408e-07,-1.6064944929894409
-3.7790980523483576e-07,-1.5801049357833108
-3.7788480553527745e-07,-1.586839459832845
-3.7785980583571913e-07,-1.5746707049402175
-3.7783480613616082e-07,-1.5881639114923018
-3.778098064366025e-07,-1.5756228322061361
-3.7778480673704419e-07,-1.560982809678535
-3.7775980703748587e-07,-1.5733505165371753
-3.7773480733792755e-07,-1.5544202369710547
-3.7770980763836924e-07,-1.5600960523443064
-3.7768480793881092e-07,-1.5426508070959244
-3.7765980823925261e-07,-1.5466511626982538
-3.7763480853969429e-07,-1.550856154608482
-3.7760980884013598e-07,-1.5438089917552134
-3.7758480914057766e-07,-1.5272675568667182
-3.7755980944101935e-07,-1.5327984215218748
-3.7753480974146103e-07,-1.5024255617390736
-3.7750981004190272e-07,-1.5170144251897
-3.774848103423444e-07,-1.5080260595823347
-3.7745981064278608e-07,-1.5026387245598016
-3.7743481094322777e-07,-1.5087380234035663
-3.7740981124366945e-07,-1.4958004612708464
-3.7738481154411114e-07,-1.4939573134142847
-3.7735981184455282e-07,-1.4863289266031643
-3.7733481214499451e-07,-1.4854848018330813
-3.7730981244543619e-07,-1.467842025704158
-3.7728481274587788e-07,-1.4720527019562724
-3.7725981304631956e-07,-1.4869087294755445
-3.7723481334676125e-07,-1.484232825532672
-3.7720981364720293e-07,-1.4687586258332885
-3.7718481394764461e-07,-1.4661196701126755
-3.771598142480863e-07,-1.4664948366771569
-3.7713481454852798e-07,-1.4680722415505443
-3.7710981484896967e-07,-1.4574084161722567
-3.7708481514941135e-07,-1.4562118622052367
-3.7705981544985304e-07,-1.4510106893794728
-3.7703481575029472e-07,-1.4501011946776998
-3.7700981605073641e-07,-1.4342575127557211
-3.7698481635117809e-07,-1.4314963436845574
-3.7695981665161978e-07,-1.4303793705039425
-3.7693481695206146e-07,-1.4250659319259285
-3.7690981725250314e-07,-1.424015749762475
-3.7688481755294483e-07,-1.4349808452607249
-3.7685981785338651e-07,-1.4103306966717355
-3.768348181538282e-07,-1.4092833566792251
-3.7680981845426988e-07,-1.4044289287085121
-3.7678481875471157e-07,-1.4216112731446628
-3.7675981905515325e-07,-1.4043649798622937
-3.7673481935559494e-07,-1.3746458193963917
-3.7670981965603662e-07,-1.3799350995213899
-3.7668481995647831e-07,-1.3881020777262165
-3.7665982025691999e-07,-1.3917755836700962
-3.7663482055736167e-07,-1.382686320994253
-3.7660982085780336e-07,-1.3852442748429894
-3.7658482115824504e-07,-1.3777466278952488
-3.7655982145868673e-07,-1.3629730233333248
-3.7653482175912841e-07,-1.3770147688774159
-3.765098220595701e-07,-1.3540557119995356
-3.7648482236001178e-07,-1.354756307136995
-3.7645982266045347e-07,-1.3416894262263668
-3.7643482296089515e-07,-1.3417363220469269
-3.7640982326133684e-07,-1.333013699422736
-3.7638482356177852e-07,-1.3368023132898088
-3.763598238622202e-07,-1.3387591479840921
-3.7633482416266189e-07,-1.3413739452516893
-3.7630982446310357e-07,-1.3330222259355651
-3.7628482476354526e-07,-1.3280597954690165
-3.7625982506398694e-07,-1.3228032003098633
-3.7623482536442863e-07,-1.3322235759005707
-3.7620982566487031e-07,-1.3202210880081111
-3.76184825965312e-07,-1.3207369420342729
-3.7615982626575368e-07,-1.3287831279740203
-3.7613482656619537e-07,-1.3055114322924055
-3.7610982686663705e-07,-1.3040860835644708
-3.7608482716707873e-07,-1.2956093087268528
-3.7605982746752042e-07,-1.2980450492250384
-3.760348277679621e-07,-1.3009866961510852
-3.7600982806840379e-07,-1.2929419312968093
-3.7598482836884547e-07,-1.3017498190492915
-3.7595982866928716e-07,-1.2901438140033861
-3.7593482896972884e-07,-1.2841155694331974
-3.7590982927017053e-07,-1.2816329331144516
-3.7588482957061221e-07,-1.2679322480835253
-3.758598298710539e-07,-1.2672700222537969
-3.7583483017149558e-07,-1.2602839660758036
-3.7580983047193726e-07,-1.2675286598096136
-3.7578483077237895e-07,-1.2601290677594079
-3.7575983107282063e-07,-1.2529284276752151
-3.7573483137326232e-07,-1.2471218724385835
-3.75709831673704e-07,-1.2597965337590722
-3.7568483197414569e-07,-1.2410410477059486
-3.7565983227458737e-07,-1.2481052635848755
-3.7563483257502906e-07,-1.2401983440213371
-3.7560983287547074e-07,-1.2301043739171291
-3.7558483317591243e-07,-1.2365418911031156
-3.7555983347635411e-07,-1.2433005736056657
-3.7553483377679579e-07,-1.2275449989829212
-3.7550983407723748e-07,-1.2286008654882608
-3.7548483437767916e-07,-1.2139878435846185
-3.7545983467812085e-07,-1.2075915378773061
-3.7543483497856253e-07,-1.2181885722384322
-3.7540983527900422e-07,-1.1986884373982321
-3.753848355794459e-07,-1.2057682852173457
-3.7535983587988759e-07,-1.2009962802039809
-3.7533483618032927e-07,-1.1877958172590297
-3.7530983648077096e-07,-1.1988660730821721
-3.7528483678121264e-07,-1.1874178085236053
-3.7525983708165432e-07,-1.1839517810585676
-3.7523483738209601e-07,-1.1911708952538902
-3.7520983768253769e-07,-1.1861772009069682
-3.7518483798297938e-07,-1.1784507591983129
-3.7515983828342106e-07,-1.1758473306144879
-3.7513483858386275e-07,-1.1677812494781392
-3.7510983888430443e-07,-1.1738379157577583
-3.7508483918474612e-07,-1.1597748539315944
-3.750598394851878e-07,-1.1723429338417191
-3.7503483978562949e-07,-1.1548650036274921
-3.7500984008607117e-07,-1.1501356311782729
-3.7498484038651285e-07,-1.1518537235133408
-3.7495984068695454e-07,-1.1512057085383276
-3.7493484098739622e-07,-1.1413817446737085
-3.7490984128783791e-07,-1.1478334727144102
-3.7488484158827959e-07,-1.1423523460507568
-3.7485984188872128e-07,-1.1388223697395006
-3.7483484218916296e-07,-1.140894312356977
-3.7480984248960465e-07,-1.133152238708135
-3.7478484279004633e-07,-1.1180020464962581
-3.7475984309048802e-07,-1.1167927027599944
-3.747348433909297e-07,-1.0981651143993076
-3.7470984369137138e-07,-1.1216371831324068
-3.7468484399181307e-07,-1.1236011232540477
-3.7465984429225475e-07,-1.1135512067994568
-3.7463484459269644e-07,-1.1120775411654904
-3.7460984489313812e-07,-1.119791193104902
-3.7458484519357981e-07,-1.1139348998767673
-3.7455984549402149e-07,-1.1032142310796189
-3.7453484579446318e-07,-1.1050815373891965
-3.7450984609490486e-07,-1.1003123745467747
-3.7448484639534655e-07,-1.1021427326340927
-3.7445984669578823e-07,-1.0863274724215444
-3.7443484699622991e-07,-1.0938336458821141
-3.744098472966716e-07,-1.0960093277390115
-3.7438484759711328e-07,-1.0947729833787889
-3.7435984789755497e-07,-1.0938478567368293
-3.7433484819799665e-07,-1.0759350743683171
-3.7430984849843834e-07,-1.0571667985459499
-3.7428484879888002e-07,-1.0790515148073609
-3.7425984909932171e-07,-1.0747001510935661
-3.7423484939976339e-07,-1.0774684255920874
-3.7420984970020508e-07,-1.0556192364674644
-3.7418485000064676e-07,-1.0640889058777248
-3.7415985030108844e-07,-1.0503072189749219
-3.7413485060153013e-07,-1.066815968897572
-3.7410985090197181e-07,-1.0582766662992071
-3.740848512024135e-07,-1.0461064903211081
-3.7405985150285518e-07,-1.0602803968140506
-3.7403485180329687e-07,-1.0549371154411347
-3.7400985210373855e-07,-1.0471694622538052
-3.7398485240418024e-07,-1.050173636940599
-3.7395985270462192e-07,-1.0412293249828508
-3.7393485300506361e-07,-1.0348003343096934
-3.7390985330550529e-07,-1.0280686524311022
-3.7388485360594697e-07,-1.0344606948820001
-3.7385985390638866e-07,-1.0396320249128621
-3.7383485420683034e-07,-1.0342517953176866
-3.7380985450727203e-07,-1.0253700111206854
-3.7378485480771371e-07,-1.0237798164780543
-3.737598551081554e-07,-1.0311339337931713
-3.7373485540859708e-07,-1.0186653298660531
-3.7370985570903877e-07,-1.0050484888779465
-3.7368485600948045e-07,-1.0140738027075713
-3.7365985630992214e-07,-1.0128843541679089
-3.7363485661036382e-07,-0.99651629170693923
-3.736098569108055e-07,-1.0093330615745799
-3.7358485721124719e-07,-1.0169614483857004
-3.7355985751168887e-07,-1.0027051189354097
-3.7353485781213056e-07,-0.99010861731585464
-3.7350985811257224e-07,-1.0118753834831296
-3.7348485841301393e-07,-0.99803258990505128
-3.7345985871345561e-07,-0.98873300657942309
-3.734348590138973e-07,-1.0039087783297873
-3.7340985931433898e-07,-0.98891774769072072
-3.7338485961478066e-07,-0.98829531225419487
-3.7335985991522235e-07,-0.97337817805964733
-3.7333486021566403e-07,-0.98447401342127705
-3.7330986051610572e-07,-0.97510053365112981
-3.732848608165474e-07,-0.97538332965996233
-3.7325986111698909e-07,-0.97701047252485296
-3.7323486141743077e-07,-0.96509324976068456
-3.7320986171787246e-07,-0.97121528597199358
-3.7318486201831414e-07,-0.97349186489736894
-3.7315986231875583e-07,-0.96193844001390971
-3.7313486261919751e-07,-0.95432284297203296
-3.7310986291963919e-07,-0.95947996214817977
-3.7308486322008088e-07,-0.96200380994559964
-3.7305986352052256e-07,-0.96206207444993197
-3.7303486382096425e-07,-0.94552916607426596
-3.7300986412140593e-07,-0.94294705377251375
-3.7298486442184762e-07,-0.94559311492048437
-3.729598647222893e-07,-0.94352401447395096
-3.7293486502273099e-07,-0.94239140935314936
-3.7290986532317267e-07,-0.95367056474060519
-3.7288486562361436e-07,-0.94152028395910747
-3.7285986592405604e-07,-0.91867491391894873
-3.7283486622449772e-07,-0.94751015922156512
-3.7280986652493941e-07,-0.93684491275780601
-3.7278486682538109e-07,-0.94020720098342281
-3.7275986712582278e-07,-0.90819725073743029
-3.7273486742626446e-07,-0.93854026772532961
-3.7270986772670615e-07,-0.91795300249941647
-3.7268486802714783e-07,-0.92220489023020491
-3.7265986832758952e-07,-0.91254435119481059
-3.726348686280312e-07,-0.91064009666297352
-3.7260986892847289e-07,-0.91492182718866388
-3.7258486922891457e-07,-0.8996011047202046
-3.7255986952935625e-07,-0.90862357637888636
-3.7253486982979794e-07,-0.90352756387801492
-3.7250987013023962e-07,-0.88941050080393325
-3.7248487043068131e-07,-0.89288079152538558
-3.7245987073112299e-07,-0.88586205038154731
-3.7243487103156468e-07,-0.88858058688856545
-3.7240987133200636e-07,-0.87737959120204323
-3.7238487163244805e-07,-0.89213187948189443
-3.7235987193288973e-07,-0.88439691126040998
-3.7233487223333142e-07,-0.89314085016667377
-3.723098725337731e-07,-0.88703160372460843
-3.7228487283421478e-07,-0.88596578962096828
-3.7225987313465647e-07,-0.88728029368212447
-3.7223487343509815e-07,-0.87406846205340116
-3.7220987373553984e-07,-0.86951814637359348
-3.7218487403598152e-07,-0.86571958490821999
-3.7215987433642321e-07,-0.87143234850373119
-3.7213487463686489e-07,-0.86238713947750512
-3.7210987493730658e-07,-0.87767659806559095
-3.7208487523774826e-07,-0.85591835841114516
-3.7205987553818995e-07,-0.84233136021794053
-3.7203487583863163e-07,-0.86487972339455155
-3.7200987613907331e-07,-0.86494225115529844
-3.71984876439515e-07,-0.84846760728396475
-3.7195987673995668e-07,-0.83296640696062241
-3.7193487704039837e-07,-0.85423579321286525
-3.7190987734084005e-07,-0.83668254546864773
-3.7188487764128174e-07,-0.83146289853175404
-3.7185987794172342e-07,-0.82986559846176533
-3.7183487824216511e-07,-0.82579845184227452
-3.7180987854260679e-07,-0.84805265032628085
-3.7178487884304848e-07,-0.83426527908159187
-3.7175987914349016e-07,-0.83413169704726897
-3.7173487944393184e-07,-0.81411855035184999
-3.7170987974437353e-07,-0.82383024846421904
-3.7168488004481521e-07,-0.81652729022607673
-3.716598803452569e-07,-0.81753626091085607
-3.7163488064569858e-07,-0.82363129649820621
-3.7160988094614027e-07,-0.81852533639903413
-3.7158488124658195e-07,-0.80578814731779858
-3.7155988154702364e-07,-0.80715523154140101
-3.7153488184746532e-07,-0.81052320410890388
-3.7150988214790701e-07,-0.8116501248878194
-3.7148488244834869e-07,-0.80131741242439603
-3.7145988274879037e-07,-0.79044184531085193
-3.7143488304923206e-07,-0.80282518410967896
-3.7140988334967374e-07,-0.8135003781717387
-3.7138488365011543e-07,-0.79907351846486563
-3.7135988395055711e-07,-0.78795920899210614
-3.713348842509988e-07,-0.81423365827504313
-3.7130988455144048e-07,-0.80066087093655369
-3.7128488485188217e-07,-0.78955366689115181
-3.7125988515232385e-07,-0.79393913665626314
-3.7123488545276554e-07,-0.79639477235105005
-3.7120988575320722e-07,-0.79968316413214779
-3.711848860536489e-07,-0.78599811104140827
-3.7115988635409059e-07,-0.78705681971769081
-3.7113488665453227e-07,-0.78957924642963917
-3.7110988695497396e-07,-0.78961193139548413
-3.7108488725541564e-07,-0.77616419957848848
-3.7105988755585733e-07,-0.78457560448441654
-3.7103488785629901e-07,-0.76716162311640801
-3.710098881567407e-07,-0.79656530260763247
-3.7098488845718238e-07,-0.76504278467837139
-3.7095988875762407e-07,-0.77300796874624211
-3.7093488905806575e-07,-0.75739592375612119
-3.7090988935850743e-07,-0.7713680361121078
-3.7088488965894912e-07,-0.74840897923422744
-3.708598899593908e-07,-0.76204145216252073
-3.7083489025983249e-07,-0.7722050554548332
-3.7080989056027417e-07,-0.7502279686377733
-3.7078489086071586e-07,-0.75112609465577407
-3.7075989116115754e-07,-0.74784907155844849
-3.7073489146159923e-07,-0.74766290936167934
-3.7070989176204091e-07,-0.74376913516971399
-3.706848920624826e-07,-0.74226846891178866
-3.7065989236292428e-07,-0.7528029755121679
-3.7063489266336596e-07,-0.74228694302291842
-3.7060989296380765e-07,-0.73394943456150941
-3.7058489326424933e-07,-0.72981691801032866
-3.7055989356469102e-07,-0.73998336347358418
-3.705348938651327e-07,-0.74140444894510438
-3.7050989416557439e-07,-0.73836048386510811
-3.7048489446601607e-07,-0.73629706776046078
-3.7045989476645776e-07,-0.7386205425063963
-3.7043489506689944e-07,-0.72957391239469871
-3.7040989536734113e-07,-0.73144263978974777
-3.7038489566778281e-07,-0.73050756554948748
-3.7035989596822449e-07,-0.72445374144081143
-3.7033489626866618e-07,-0.72106729476217879
-3.7030989656910786e-07,-0.72000432282948168
-3.7028489686954955e-07,-0.71845533966552466
-3.7025989716999123e-07,-0.71071042384573957
-3.7023489747043292e-07,-0.70766361659480026
-3.702098977708746e-07,-0.71461130346506252
-3.7018489807131629e-07,-0.70622263592667878
-3.7015989837175797e-07,-0.69905752297927393
-3.7013489867219966e-07,-0.71048447125576786
-3.7010989897264134e-07,-0.70183290290515288
-3.7008489927308302e-07,-0.7139277613532613
-3.7005989957352471e-07,-0.70895822545935516
-3.7003489987396639e-07,-0.70502608195965877
-3.7000990017440808e-07,-0.7153062142606359
-3.6998490047484976e-07,-0.69873777874818188
-3.6995990077529145e-07,-0.70413221919807256
-3.6993490107573313e-07,-0.69846208816670696
-3.6990990137617482e-07,-0.70115646622070926
-3.698849016766165e-07,-0.69545933456538478
-3.6985990197705819e-07,-0.71216419428310473
-3.6983490227749987e-07,-0.68203007685951889
-3.6980990257794155e-07,-0.71218408947970602
-3.6978490287838324e-07,-0.69063901264598826
-3.6975990317882492e-07,-0.67045107243757229
-3.6973490347926661e-07,-0.68422991716943216
-3.6970990377970829e-07,-0.6819604436714144
-3.6968490408014998e-07,-0.67141314730179147
-3.6965990438059166e-07,-0.66584249225343228
-3.6963490468103335e-07,-0.6718863687638077
-3.6960990498147503e-07,-0.66571601564646699
-3.6958490528191672e-07,-0.66400360765328514
-3.695599055823584e-07,-0.67580430140878889
-3.6953490588280008e-07,-0.66877277049570694
-3.6950990618324177e-07,-0.66146128574473551
-3.6948490648368345e-07,-0.66920335939357756
-3.6945990678412514e-07,-0.66026331069224398
-3.6943490708456682e-07,-0.66723373493005056
-3.6940990738500851e-07,-0.67669390091396053
-3.6938490768545019e-07,-0.65216596567552187
-3.6935990798589188e-07,-0.66956005184692913
-3.6933490828633356e-07,-0.64858767245823401
-3.6930990858677525e-07,-0.65903549284485052
-3.6928490888721693e-07,-0.65248002556472784
-3.6925990918765861e-07,-0.63163554386846954
-3.692349094881003e-07,-0.64318612658098573
-3.6920990978854198e-07,-0.64376166619695141
-3.6918491008898367e-07,-0.65696781348378863
-3.6915991038942535e-07,-0.64079159756147419
-3.6913491068986704e-07,-0.62784408783045365
-3.6910991099030872e-07,-0.64185314840869978
-3.6908491129075041e-07,-0.63713656572872424
-3.6905991159119209e-07,-0.63452176846112707
-3.6903491189163377e-07,-0.65604979226918658
-3.6900991219207546e-07,-0.6327582013909705
-3.6898491249251714e-07,-0.64404872546219849
-3.6895991279295883e-07,-0.63482588075203239
-3.6893491309340051e-07,-0.63945861938918824
-3.689099133938422e-07,-0.6280586717366532
-3.6888491369428388e-07,-0.62915859189160983
-3.6885991399472557e-07,-0.63393059690497466
-3.6883491429516725e-07,-0.61914988691569306
-3.6880991459560894e-07,-0.61564833231386729
-3.6878491489605062e-07,-0.62139520196069498
-3.687599151964923e-07,-0.62310760995387682
-3.6873491549693399e-07,-0.62030949266045354
-3.6870991579737567e-07,-0.61668004036619095
-3.6868491609781736e-07,-0.62973981584946159
-3.6865991639825904e-07,-0.62867684391676448
-3.6863491669870073e-07,-0.60886975461471593
-3.6860991699914241e-07,-0.61252762861840893
-3.685849172995841e-07,-0.596598681568139
-3.6855991760002578e-07,-0.60444307337093051
-3.6853491790046747e-07,-0.59647504713211674
-3.6850991820090915e-07,-0.58415849935045117
-3.6848491850135083e-07,-0.60889107089678873
-3.6845991880179252e-07,-0.59613114444800885
-3.684349191022342e-07,-0.59970659549435368
-3.6840991940267589e-07,-0.5961695137557399
-3.6838491970311757e-07,-0.60075677765780711
-3.6835992000355926e-07,-0.58441997907721088
-3.6833492030400094e-07,-0.58264362223781063
-3.6830992060444263e-07,-0.59630451687553432
-3.6828492090488431e-07,-0.59031322052760515
-3.68259921205326e-07,-0.59290101717124344
-3.6823492150576768e-07,-0.5877836883882992
-3.6820992180620936e-07,-0.60263118939474225
-3.6818492210665105e-07,-0.5899508437323675
-3.6815992240709273e-07,-0.60293388060017605
-3.6813492270753442e-07,-0.59559397413977422
-3.681099230079761e-07,-0.58630007515603211
-3.6808492330841779e-07,-0.59190909951212234
-3.6805992360885947e-07,-0.57149946997014922
-3.6803492390930116e-07,-0.58251572454537381
-3.6800992420974284e-07,-0.57523834584571887
-3.6798492451018453e-07,-0.58359574950372917
-3.6795992481062621e-07,-0.575036551708763
-3.6793492511106789e-07,-0.57242317552663735
-3.6790992541150958e-07,-0.56972027095980593
-3.6788492571195126e-07,-0.5791733315163583
-3.6785992601239295e-07,-0.5544592340811505
-3.6783492631283463e-07,-0.58427502835911582
-3.6780992661327632e-07,-0.58061715435542283
-3.67784926913718e-07,-0.57410005638303119
-3.6775992721415969e-07,-0.57525966212779167
-3.6773492751460137e-07,-0.5696620064554736
-3.6770992781504306e-07,-0.56011373317232938
-3.6768492811548474e-07,-0.56592881492179004
-3.6765992841592642e-07,-0.55630380302318372
-3.6763492871636811e-07,-0.56102891221598838
-3.6760992901680979e-07,-0.57789719676293316
-3.6758492931725148e-07,-0.55381690344802337
-3.6755992961769316e-07,-0.55732414239173522
-3.6753492991813485e-07,-0.55709108437440591
-3.6750993021857653e-07,-0.54789666137367021
-3.6748493051901822e-07,-0.56608229215271422
-3.674599308194599e-07,-0.55224944617293659
-3.6743493111990159e-07,-0.56290758720933809
-3.6740993142034327e-07,-0.55395474873876083
-3.6738493172078495e-07,-0.53263846666595782
-3.6735993202122664e-07,-0.54320423714671051
-3.6733493232166832e-07,-0.55109126151364762
-3.6730993262211001e-07,-0.53098432317710831
-3.6728493292255169e-07,-0.54209152722251019
-3.6725993322299338e-07,-0.53293405244403402
-3.6723493352343506e-07,-0.54969291340967175
-3.6720993382387675e-07,-0.5413880899141077
-3.6718493412431843e-07,-0.52998672117610113
-3.6715993442476012e-07,-0.53320547976909438
-3.671349347252018e-07,-0.51777533371932805
-3.6710993502564348e-07,-0.52638426950579742
-3.6708493532608517e-07,-0.53113211606614641
-3.6705993562652685e-07,-0.53327227078625583
-3.6703493592696854e-07,-0.53084363571542781
-3.6700993622741022e-07,-0.52916249160261941
-3.6698493652785191e-07,-0.53067594762978842
-3.6695993682829359e-07,-0.52613415846280986
-3.6693493712873528e-07,-0.52712607612193096
-3.6690993742917696e-07,-0.51082622576359427
-3.6688493772961865e-07,-0.5233857791608898
-3.6685993803006033e-07,-0.51841482218151214
-3.6683493833050201e-07,-0.51919499810537673
-3.668099386309437e-07,-0.51809223577947705
-3.6678493893138538e-07,-0.50520441163826035
-3.6675993923182707e-07,-0.5185881946090376
-3.6673493953226875e-07,-0.51651909416250419
-3.6670993983271044e-07,-0.50444270982552553
-3.6668494013315212e-07,-0.51154813718312653
-3.6665994043359381e-07,-0.53217803497318528
-3.6663494073403549e-07,-0.50730903922158177
-3.6660994103447718e-07,-0.52148863005641033
-3.6658494133491886e-07,-0.51107065246469574
-3.6655994163536054e-07,-0.49268322754869587
-3.6653494193580223e-07,-0.5085141197014309
-3.6650994223624391e-07,-0.49006558811015566
-3.664849425366856e-07,-0.50091983894162695
-3.6645994283712728e-07,-0.4988621071788657
-3.6643494313756897e-07,-0.50019082209473709
-3.6640994343801065e-07,-0.49504080834594788
-3.6638494373845234e-07,-0.49671911028781324
-3.6635994403889402e-07,-0.48193271595664555
-3.6633494433933571e-07,-0.49109161182059324
-3.6630994463977739e-07,-0.49159183390656835
-3.6628494494021907e-07,-0.49767976406656089
-3.6625994524066076e-07,-0.49987676220553112
-3.6623494554110244e-07,-0.49493280585011235
-3.6620994584154413e-07,-0.48117811957126833
-3.6618494614198581e-07,-0.48438124622407486
-3.661599464424275e-07,-0.47570978267685859
-3.6613494674286918e-07,-0.48569006594334496
-3.6610994704331087e-07,-0.48097632543431246
-3.6608494734375255e-07,-0.47780588374735089
-3.6605994764419424e-07,-0.47123052127062692
-3.6603494794463592e-07,-0.46725716629225644
-3.660099482450776e-07,-0.48266599605994998
-3.6598494854551929e-07,-0.46696726485606632
-3.6595994884596097e-07,-0.47313903905887855
-3.6593494914640266e-07,-0.48544990249865805
-3.6590994944684434e-07,-0.45918255864307866
-3.6588494974728603e-07,-0.46715769030925003
-3.6585995004772771e-07,-0.47116941459535155
-3.658349503481694e-07,-0.48012367415140034
-3.6580995064861108e-07,-0.47479460363319959
-3.6578495094905277e-07,-0.4650800633498875
-3.6575995124949445e-07,-0.4558856403491518
-3.6573495154993613e-07,-0.46456136715278262
-3.6570995185037782e-07,-0.45976520368640195
-3.656849521508195e-07,-0.45358063971434603
-3.6565995245126119e-07,-0.4617035642695555
-3.6563495275170287e-07,-0.45616559418704128
-3.6560995305214456e-07,-0.46331649627973093
-3.6558495335258624e-07,-0.45292125605556066
-3.6555995365302793e-07,-0.45892392108726199
-3.6553495395346961e-07,-0.44245069830139983
-3.655099542539113e-07,-0.44226737827557372
-3.6548495455435298e-07,-0.44893369022247498
-3.6545995485479466e-07,-0.44608441385207698
-3.6543495515523635e-07,-0.44504275820145267
-3.6540995545567803e-07,-0.4630123839888256
-3.6538495575611972e-07,-0.45133106141292956
-3.653599560565614e-07,-0.4471203851608152
-3.6533495635700309e-07,-0.44357051365295774
-3.6530995665744477e-07,-0.4471274905881728
-3.6528495695788646e-07,-0.43859245124622248
-3.6525995725832814e-07,-0.43698662466340465
-3.6523495755876983e-07,-0.44368420049067936
-3.6520995785921151e-07,-0.44196042381372536
-3.6518495815965319e-07,-0.44973802459935541
-3.6515995846009488e-07,-0.43879424538317835
-3.6513495876053656e-07,-0.42651890908018686
-3.6510995906097825e-07,-0.433739444360981
-3.6508495936141993e-07,-0.42743266703837435
-3.6505995966186162e-07,-0.42757335450005485
-3.650349599623033e-07,-0.44511949681691476
-3.6500996026274499e-07,-0.41893173374774051
-3.6498496056318667e-07,-0.41109302628683508
-3.6495996086362836e-07,-0.424137169829919
-3.6493496116407004e-07,-0.41421515106776496
-3.6490996146451172e-07,-0.42827963397940039
-3.6488496176495341e-07,-0.41507632886350621
-3.6485996206539509e-07,-0.4275420906196814
-3.6483496236583678e-07,-0.41208494394595618
-3.6480996266627846e-07,-0.41734580236152397
-3.6478496296672015e-07,-0.40924845734480186
-3.6475996326716183e-07,-0.40695482539376826
-3.6473496356760352e-07,-0.41765275682337233
-3.647099638680452e-07,-0.41308823028884945
-3.6468496416848689e-07,-0.41817287410594872
-3.6465996446892857e-07,-0.40446792581860791
-3.6463496476937025e-07,-0.41539749418006977
-3.6460996506981194e-07,-0.40711114479563548
-3.6458496537025362e-07,-0.42079335571543197
-3.6455996567069531e-07,-0.41105749915004708
-3.6453496597113699e-07,-0.39934917595019215
-3.6450996627157868e-07,-0.40904808429331752
-3.6448496657202036e-07,-0.41252121718571289
-3.6445996687246205e-07,-0.40611922713651438
-3.6443496717290373e-07,-0.39158294384833425
-3.6440996747334541e-07,-0.40695624647923978
-3.643849677737871e-07,-0.39012917341096909
-3.6435996807422878e-07,-0.39626115722057875
-3.6433496837467047e-07,-0.39505181348431506
-3.6430996867511215e-07,-0.39239580473804381
-3.6428496897555384e-07,-0.39891858705232153
-3.6425996927599552e-07,-0.4044110823997471
-3.6423496957643721e-07,-0.39926533190737246
-3.6420996987687889e-07,-0.40298431258634082
-3.6418497017732058e-07,-0.39657663819525624
-3.6415997047776226e-07,-0.38526906109837
-3.6413497077820394e-07,-0.38376271049855859
-3.6410997107864563e-07,-0.38019862813598593
-3.6408497137908731e-07,-0.39120777728385292
-3.64059971679529e-07,-0.38994443229967146
-3.6403497197997068e-07,-0.397439237076469
-3.6400997228041237e-07,-0.37587426504614996
-3.6398497258085405e-07,-0.38282479408735526
-3.6395997288129574e-07,-0.39516834249297972
-3.6393497318173742e-07,-0.37587284396067844
-3.6390997348217911e-07,-0.38634908605672535
-3.6388497378262079e-07,-0.39279086649912642
-3.6385997408306247e-07,-0.37251766116241924
-3.6383497438350416e-07,-0.37169058941799449
-3.6380997468394584e-07,-0.36351082144392421
-3.6378497498438753e-07,-0.36930885016772663
-3.6375997528482921e-07,-0.36888394561174209
-3.637349755852709e-07,-0.36784939538847539
-3.6370997588571258e-07,-0.37671128438887536
-3.6368497618615427e-07,-0.3656978719845938
-3.6365997648659595e-07,-0.35734331049752655
-3.6363497678703764e-07,-0.37254324070090661
-3.6360997708747932e-07,-0.37002507724537281
-3.63584977387921e-07,-0.37779557260364527
-3.6355997768836269e-07,-0.35161065170541406
-3.6353497798880437e-07,-0.3605549636631622
-3.6350997828924606e-07,-0.36687595184048405
-3.6348497858968774e-07,-0.37356926441134419
-3.6345997889012943e-07,-0.36123850577496341
-3.6343497919057111e-07,-0.36961154137316043
-3.634099794910128e-07,-0.36013858562000678
-3.6338497979145448e-07,-0.36552023630065378
-3.6335998009189617e-07,-0.35318521440785844
-3.6333498039233785e-07,-0.34181937280663988
-3.6330998069277953e-07,-0.3612726118262799
-3.6328498099322122e-07,-0.35750389315580833
-3.632599812936629e-07,-0.34644784818738117
-3.6323498159410459e-07,-0.34706459928202094
-3.6320998189454627e-07,-0.34520297731432947
-3.6318498219498796e-07,-0.34640521562323556
-3.6315998249542964e-07,-0.34763303347062902
-3.6313498279587133e-07,-0.34744687127385987
-3.6310998309631301e-07,-0.35677345522344694
-3.630849833967547e-07,-0.34268765602973872
-3.6305998369719638e-07,-0.34522145142545924
-3.6303498399763806e-07,-0.34696086004259996
-3.6300998429807975e-07,-0.34503386814321857
-3.6298498459852143e-07,-0.33585081382625503
-3.6295998489896312e-07,-0.3357357059030619
-3.629349851994048e-07,-0.33582381320229615
-3.6290998549984649e-07,-0.33243026109630591
-3.6288498580028817e-07,-0.34504523682699073
-3.6285998610072986e-07,-0.3386134039828903
-3.6283498640117154e-07,-0.33438851687606075
-3.6280998670161323e-07,-0.33613076766414451
-3.6278498700205491e-07,-0.3396053216420114
-3.6275998730249659e-07,-0.33965505963351461
-3.6273498760293828e-07,-0.32514435588382185
-3.6270998790337996e-07,-0.33322606896035722
-3.6268498820382165e-07,-0.33679299349387293
-3.6265998850426333e-07,-0.33491005524410866
-3.6263498880470502e-07,-0.33525111575727351
-3.626099891051467e-07,-0.34111167224182282
-3.6258498940558839e-07,-0.32644891234667739
-3.6255998970603007e-07,-0.33247005148950848
-3.6253499000647176e-07,-0.32139979566636612
-3.6250999030691344e-07,-0.30936462280806154
-3.6248499060735512e-07,-0.33550406897120411
-3.6245999090779681e-07,-0.32969467156362953
-3.6243499120823849e-07,-0.31092213248484768
-3.6240999150868018e-07,-0.33438425361964619
-3.6238499180912186e-07,-0.33224978324142285
-3.6235999210956355e-07,-0.3252466740377713
-3.6233499241000523e-07,-0.32599416499579092
-3.6230999271044692e-07,-0.31115945375859155
-3.622849930108886e-07,-0.31232048058882356
-3.6225999331133029e-07,-0.31844678005654714
-3.6223499361177197e-07,-0.32861748877621721
-3.6220999391221365e-07,-0.31981528536562109
-3.6218499421265534e-07,-0.31918858667268069
-3.6215999451309702e-07,-0.31272548994820681
-3.6213499481353871e-07,-0.31269706823877641
-3.6210999511398039e-07,-0.31497506824962329
-3.6208499541442208e-07,-0.30356233082784456
-3.6205999571486376e-07,-0.3103892254330276
-3.6203499601530545e-07,-0.31350992912848596
-3.6200999631574713e-07,-0.31075870765562286
-3.6198499661618882e-07,-0.31422615620613215
-3.619599969166305e-07,-0.31150904078458552
-3.6193499721707218e-07,-0.31936764344209223
-3.6190999751751387e-07,-0.31659652677262784
-3.6188499781795555e-07,-0.29494344744307455
-3.6185999811839724e-07,-0.31186431215246557
-3.6183499841883892e-07,-0.3167272666360077
-3.6180999871928061e-07,-0.30726141631021164
-3.6178499901972229e-07,-0.31576234960084548
-3.6175999932016398e-07,-0.31029685487737879
-3.6173499962060566e-07,-0.31349429718829924
-3.6170999992104735e-07,-0.29764350983896293
-3.6168500022148903e-07,-0.2948908672806283
-3.6166000052193071e-07,-0.28397693085935316
-3.616350008223724e-07,-0.29561988412751816
-3.6161000112281408e-07,-0.2897976969506999
-3.6158500142325577e-07,-0.281714562788693
-3.6156000172369745e-07,-0.2983099989251059
-3.6153500202413914e-07,-0.29535129897340084
-3.6151000232458082e-07,-0.28799007623092621
-3.6148500262502251e-07,-0.2973393975480576
-3.6146000292546419e-07,-0.30720030963493627
-3.6143500322590588e-07,-0.29656348488060758
-3.6141000352634756e-07,-0.27609274866335909
-3.6138500382678924e-07,-0.28981474997635814
-3.6136000412723093e-07,-0.29263134138091118
-3.6133500442767261e-07,-0.27896902565771597
-3.613100047281143e-07,-0.29431248549371958
-3.6128500502855598e-07,-0.28826860898334417
-3.6126000532899767e-07,-0.29200890594438533
-3.6123500562943935e-07,-0.30127296213322552
-3.6121000592988104e-07,-0.28149571562607889
-3.6118500623032272e-07,-0.28776554472642601
-3.6116000653076441e-07,-0.28256863515707664
-3.6113500683120609e-07,-0.27604727392827044
-3.6111000713164777e-07,-0.27436044547357596
-3.6108500743208946e-07,-0.29501592280212208
-3.6106000773253114e-07,-0.28216646796863643
-3.6103500803297283e-07,-0.26044517653645016
-3.6101000833341451e-07,-0.28732785040119779
-3.609850086338562e-07,-0.28463915668908157
-3.6096000893429788e-07,-0.2818694611050887
-3.6093500923473957e-07,-0.27701787530531874
-3.6091000953518125e-07,-0.28504985039035091
-3.6088500983562294e-07,-0.25539463877066737
-3.6086001013606462e-07,-0.27461339868750656
-3.608350104365063e-07,-0.26982860390489805
-3.6081001073694799e-07,-0.27431497073848732
-3.6078501103738967e-07,-0.28102817850594874
-3.6076001133783136e-07,-0.26543887088337215
-3.6073501163827304e-07,-0.27622633069768199
-3.6071001193871473e-07,-0.26771402872327599
-3.6068501223915641e-07,-0.2556220124461106
-3.606600125395981e-07,-0.2579923830126063
-3.6063501284003978e-07,-0.27341542363501503
-3.6061001314048147e-07,-0.26812898568095989
-3.6058501344092315e-07,-0.27335147478879662
-3.6056001374136483e-07,-0.26251001372656901
-3.6053501404180652e-07,-0.25824533622653689
-3.605100143422482e-07,-0.25412418835912831
-3.6048501464268989e-07,-0.25413555704290047
-3.6046001494313157e-07,-0.25438140482947347
-3.6043501524357326e-07,-0.26574724643069203
-3.6041001554401494e-07,-0.26180799750363803
-3.6038501584445663e-07,-0.25427198124816641
-3.6036001614489831e-07,-0.24902249151637079
-3.6033501644534e-07,-0.25751347720870399
-3.6031001674578168e-07,-0.24871411596905091
-3.6028501704622336e-07,-0.26845725642488105
-3.6026001734666505e-07,-0.24982540480777971
-3.6023501764710673e-07,-0.24721060754018254
-3.6021001794754842e-07,-0.25561917027516756
-3.601850182479901e-07,-0.25738131625985261
-3.6016001854843179e-07,-0.26381457018942456
-3.6013501884887347e-07,-0.2670816456884495
-3.6011001914931516e-07,-0.26650042173059774
-3.6008501944975684e-07,-0.2766284978861222
-3.6006001975019852e-07,-0.24940334242273821
-3.6003502005064021e-07,-0.26739428449218394
-3.6001002035108189e-07,-0.24288766553581809
-3.5998502065152358e-07,-0.25658266622485826
-3.5996002095196526e-07,-0.24872974790923763
-3.5993502125240695e-07,-0.26289654897482251
-3.5991002155284863e-07,-0.24915891572163673
-3.5988502185329032e-07,-0.26188615720457165
-3.59860022153732e-07,-0.25543016590745538
-3.5983502245417369e-07,-0.25652724389146897
-3.5981002275461537e-07,-0.26095818839166895
-3.5978502305505705e-07,-0.25201245534844929
-3.5976002335549874e-07,-0.24381989760513534
-3.5973502365594042e-07,-0.25108874979196116
-3.5971002395638211e-07,-0.23026700546324719
-3.5968502425682379e-07,-0.23894557443782105
-3.5966002455726548e-07,-0.23666899551244569
-3.5963502485770716e-07,-0.24428743472526548
-3.5961002515814885e-07,-0.22886723627379979
-3.5958502545859053e-07,-0.23755433176120277
-3.5956002575903222e-07,-0.24292745592902065
-3.595350260594739e-07,-0.23582344965689117
-3.5951002635991558e-07,-0.24200659254347556
-3.5948502666035727e-07,-0.23233184265336604
-3.5946002696079895e-07,-0.24263897557830205
-3.5943502726124064e-07,-0.23974564555828692
-3.5941002756168232e-07,-0.22861001980345463
-3.5938502786212401e-07,-0.22339321503750398
-3.5936002816256569e-07,-0.23074591126714949
-3.5933502846300738e-07,-0.22463950699602719
-3.5931002876344906e-07,-0.22825759060651762
-3.5928502906389075e-07,-0.22241550823309808
-3.5926002936433243e-07,-0.22869954818816041
-3.5923502966477411e-07,-0.23219115519168554
-3.592100299652158e-07,-0.22345574279825087
-3.5918503026565748e-07,-0.23217836542244186
-3.5916003056609917e-07,-0.21394583882283769
-3.5913503086654085e-07,-0.23606929744346417
-3.5911003116698254e-07,-0.21955912643534248
-3.5908503146742422e-07,-0.23094202106221928
-3.5906003176786591e-07,-0.22366748453350738
-3.5903503206830759e-07,-0.21557724494414288
-3.5901003236874928e-07,-0.22456418946603662
-3.5898503266919096e-07,-0.2269189280923456
-3.5896003296963264e-07,-0.21640005343215307
-3.5893503327007433e-07,-0.22978809965934488
-3.5891003357051601e-07,-0.22571100544155343
-3.588850338709577e-07,-0.22239845520743984
-3.5886003417139938e-07,-0.201410443878558
-3.5883503447184107e-07,-0.21797461613459745
-3.5881003477228275e-07,-0.20900046138194739
-3.5878503507272444e-07,-0.22560442403118941
-3.5876003537316612e-07,-0.2212914296251256
-3.5873503567360781e-07,-0.21432811081467662
-3.5871003597404949e-07,-0.22779715891374508
-3.5868503627449117e-07,-0.2241122842860932
-3.5866003657493286e-07,-0.22372859120878275
-3.5863503687537454e-07,-0.22558168666364509
-3.5861003717581623e-07,-0.22549642153535387
-3.5858503747625791e-07,-0.20043700033056666
-3.585600377766996e-07,-0.22001529487170046
-3.5853503807714128e-07,-0.21057218191344873
-3.5851003837758297e-07,-0.22505162178276805
-3.5848503867802465e-07,-0.22827748580311891
-3.5846003897846634e-07,-0.21122588123034802
-3.5843503927890802e-07,-0.21159110019652871
-3.584100395793497e-07,-0.21301218566804891
-3.5838503987979139e-07,-0.21001937966502737
-3.5836004018023307e-07,-0.2288260247951257
-3.5833504048067476e-07,-0.21116903781148721
-3.5831004078111644e-07,-0.2062151338577678
-3.5828504108155813e-07,-0.20344543827377493
-3.5826004138199981e-07,-0.21351524992496707
-3.582350416824415e-07,-0.20280026546970475
-3.5821004198288318e-07,-0.20766606212418992
-3.5818504228332487e-07,-0.214495798900316
-3.5816004258376655e-07,-0.20595649630195112
-3.5813504288420823e-07,-0.20928325739077991
-3.5811004318464992e-07,-0.20207124862281489
-3.580850434850916e-07,-0.19933992234655307
-3.5806004378553329e-07,-0.19493171521389741
-3.5803504408597497e-07,-0.18920047750725644
-3.5801004438641666e-07,-0.20106938336539315
-3.5798504468685834e-07,-0.20009736090287333
-3.5796004498730003e-07,-0.20676367284977459
-3.5793504528774171e-07,-0.19886101654265076
-3.579100455881834e-07,-0.19505534964991966
-3.5788504588862508e-07,-0.20188508642604575
-3.5786004618906676e-07,-0.19257697658758843
-3.5783504648950845e-07,-0.18802239765136619
-3.5781004678995013e-07,-0.19569768028304679
-3.5778504709039182e-07,-0.19169874576618895
-3.577600473908335e-07,-0.18273311752636801
-3.5773504769127519e-07,-0.18643930843609269
-3.5771004799171687e-07,-0.1947341843333561
-3.5768504829215856e-07,-0.19747545820791856
-3.5766004859260024e-07,-0.18944916746477247
-3.5763504889304193e-07,-0.19710739707079483
-3.5761004919348361e-07,-0.17672618923825212
-3.5758504949392529e-07,-0.17880950053950073
-3.5756004979436698e-07,-0.19778241266976693
-3.5753505009480866e-07,-0.18943495661005727
-3.5751005039525035e-07,-0.18209931340607
-3.5748505069569203e-07,-0.17539747432238073
-3.5746005099613372e-07,-0.17936088170245057
-3.574350512965754e-07,-0.17893597714646603
-3.5741005159701709e-07,-0.18081323105434421
-3.5738505189745877e-07,-0.17602417301532114
-3.5736005219790046e-07,-0.17282530961892917
-3.5733505249834214e-07,-0.17314931710643577
-3.5731005279878382e-07,-0.18079902019962901
-3.5728505309922551e-07,-0.17701040633255616
-3.5726005339966719e-07,-0.17855796841104166
-3.5723505370010888e-07,-0.18629293663252611
-3.5721005400055056e-07,-0.17487309378338978
-3.5718505430099225e-07,-0.18096528719979688
-3.5716005460143393e-07,-0.16681127590345568
-3.5713505490187562e-07,-0.16744223785281065
-3.571100552023173e-07,-0.17239045746464399
-3.5708505550275899e-07,-0.15212151538435137
-3.5706005580320067e-07,-0.15826771004867624
-3.5703505610364235e-07,-0.17476509128755424
-3.5701005640408404e-07,-0.1777166858119017
-3.5698505670452572e-07,-0.16729160279282951
-3.5696005700496741e-07,-0.17806485175242415
-3.5693505730540909e-07,-0.16574546179981553
-3.5691005760585078e-07,-0.16605952168902149
-3.5688505790629246e-07,-0.16441674688394414
-3.5686005820673415e-07,-0.15470931202798965
-3.5683505850717583e-07,-0.16002701386241824
-3.5681005880761752e-07,-0.15809717979209381
-3.567850591080592e-07,-0.16462990970467217
-3.5676005940850088e-07,-0.1556344386699493
-3.5673505970894257e-07,-0.14920260582584888
-3.5671006000938425e-07,-0.16104877431644127
-3.5668506030982594e-07,-0.17070505009542103
-3.5666006061026762e-07,-0.17460877188568702
-3.5663506091070931e-07,-0.15513137441303115
-3.5661006121115099e-07,-0.13664447351402487
-3.5658506151159268e-07,-0.14920118474037736
-3.5656006181203436e-07,-0.16000569758034544
-3.5653506211247605e-07,-0.15657235508115264
-3.5651006241291773e-07,-0.15375007933471352
-3.5648506271335941e-07,-0.1632741941648419
-3.564600630138011e-07,-0.15219825399981346
-3.5643506331424278e-07,-0.13775292018181062
-3.5641006361468447e-07,-0.16016059589674114
-3.5638506391512615e-07,-0.14906902379152598
-3.5636006421556784e-07,-0.15668177866245969
-3.5633506451600952e-07,-0.16089671817098861
-3.5631006481645121e-07,-0.16509176248291624
-3.5628506511689289e-07,-0.16096066701720702
-3.5626006541733458e-07,-0.16065371255535865
-3.5623506571777626e-07,-0.14331078546092613
-3.5621006601821794e-07,-0.1561971885166713
-3.5618506631865963e-07,-0.16054855223046616
-3.5616006661910131e-07,-0.1316095676884288
-3.56135066919543e-07,-0.13304628510013572
-3.5611006721998468e-07,-0.15211298887152225
-3.5608506752042637e-07,-0.14233307865652023
-3.5606006782086805e-07,-0.1642590063966054
-3.5603506812130974e-07,-0.14814247606409481
-3.5601006842175142e-07,-0.1527780568721937
-3.5598506872219311e-07,-0.13913137308918522
-3.5596006902263479e-07,-0.13294254586071474
-3.5593506932307647e-07,-0.13856578107152018
-3.5591006962351816e-07,-0.14470487030848744
-3.5588506992395984e-07,-0.14462813169302535
-3.5586007022440153e-07,-0.12876171240350232
-3.5583507052484321e-07,-0.14315730823000195
-3.558100708252849e-07,-0.14904770750945318
-3.5578507112572658e-07,-0.13015579725106363
-3.5576007142616827e-07,-0.14618848354075453
-3.5573507172660995e-07,-0.12925198689117678
-3.5571007202705163e-07,-0.13937153653387213
-3.5568507232749332e-07,-0.12778400559909642
-3.55660072627935e-07,-0.11561667179194046
-3.5563507292837669e-07,-0.1313566144744982
-3.5561007322881837e-07,-0.12740031252178596
-3.5558507352926006e-07,-0.12336016652625403
-3.5556007382970174e-07,-0.13709779977943981
-3.5553507413014343e-07,-0.13649525953951525
-3.5551007443058511e-07,-0.13959748912384384
-3.554850747310268e-07,-0.12912835245515453
-3.5546007503146848e-07,-0.13475300875143148
-3.5543507533191016e-07,-0.12726673048746306
-3.5541007563235185e-07,-0.1412757910657092
-3.5538507593279353e-07,-0.13085639238852309
-3.5536007623323522e-07,-0.13116192576489993
-3.553350765336769e-07,-0.13056506986686145
-3.5531007683411859e-07,-0.12999805676372489
-3.5528507713456027e-07,-0.13544223520511878
-3.5526007743500196e-07,-0.12828706985601457
-3.5523507773544364e-07,-0.12346390576567501
-3.5521007803588533e-07,-0.14248371371650137
-3.5518507833632701e-07,-0.12877166000180296
-3.5516007863676869e-07,-0.13608172366730287
-3.5513507893721038e-07,-0.13579608548752731
-3.5511007923765206e-07,-0.12464624887797982
-3.5508507953809375e-07,-0.12629612911041477
-3.5506007983853543e-07,-0.12048815278831171
-3.5503508013897712e-07,-0.13497896134140319
-3.550100804394188e-07,-0.13162662071408704
-3.5498508073986049e-07,-0.11966960755671607
-3.5496008104030217e-07,-0.12784937553078635
-3.5493508134074386e-07,-0.14432544048759155
-3.5491008164118554e-07,-0.11910401553905103
-3.5488508194162722e-07,-0.13327365877557895
-3.5486008224206891e-07,-0.11702780966516002
-3.5483508254251059e-07,-0.12627765499928501
-3.5481008284295228e-07,-0.13097860573907383
-3.5478508314339396e-07,-0.12415455330483383
-3.5476008344383565e-07,-0.13593393077826477
-3.5473508374427733e-07,-0.10944489758912823
-3.5471008404471902e-07,-0.12743441857310245
-3.546850843451607e-07,-0.11904148777830414
-3.5466008464560239e-07,-0.10684431117624626
-3.5463508494604407e-07,-0.11372094377293251
-3.5461008524648575e-07,-0.11781224884543917
-3.5458508554692744e-07,-0.11925749276997522
-3.5456008584736912e-07,-0.1194464971376874
-3.5453508614781081e-07,-0.12703935681201983
-3.5451008644825249e-07,-0.11601031246755156
-3.5448508674869418e-07,-0.11330172355883406
-3.5446008704913586e-07,-0.10630429869706859
-3.5443508734957755e-07,-0.11961702739426983
-3.5441008765001923e-07,-0.11102656571893021
-3.5438508795046092e-07,-0.10548433238000143
-3.543600882509026e-07,-0.1076770672625571
-3.5433508855134428e-07,-0.11615242101470358
-3.5431008885178597e-07,-0.098428643013903638
-3.5428508915222765e-07,-0.10578986575637828
-3.5426008945266934e-07,-0.12121006420784397
-3.5423508975311102e-07,-0.10993232990585966
-3.5421009005355271e-07,-0.11512639730426599
-3.5418509035399439e-07,-0.11122125442852848
-3.5416009065443608e-07,-0.11500276286824374
-3.5413509095487776e-07,-0.11817178346973378
-3.5411009125531945e-07,-0.095015195711312117
-3.5408509155576113e-07,-0.11334577720845118
-3.5406009185620281e-07,-0.11379910347386613
-3.540350921566445e-07,-0.11663843224596349
-3.5401009245708618e-07,-0.10779217518575024
-3.5398509275752787e-07,-0.12010303862552973
-3.5396009305796955e-07,-0.11034870794901508
-3.5393509335841124e-07,-0.11539214028744027
-3.5391009365885292e-07,-0.11281713341304567
-3.5388509395929461e-07,-0.11166036983922822
-3.5386009425973629e-07,-0.10306280273653101
-3.5383509456017798e-07,-0.11480238981675939
-3.5381009486061966e-07,-0.095089092155831167
-3.5378509516106134e-07,-0.10130492000826052
-3.5376009546150303e-07,-0.10597744903861894
-3.5373509576194471e-07,-0.11057750270992983
-3.537100960623864e-07,-0.10749801049314556
-3.5368509636282808e-07,-0.09900844588628388
-3.5366009666326977e-07,-0.1001140503831266
-3.5363509696371145e-07,-0.11562377721929806
-3.5361009726415314e-07,-0.084463636085274629
-3.5358509756459482e-07,-0.095646157660667086
-3.5356009786503651e-07,-0.094409813300444512
-3.5353509816547819e-07,-0.10237357628284371
-3.5351009846591987e-07,-0.09368648079544073
-3.5348509876636156e-07,-0.10562928309809649
-3.5346009906680324e-07,-0.091263530066498788
-3.5343509936724493e-07,-0.083628037828020751
-3.5341009966768661e-07,-0.096663654858275549
-3.533850999681283e-07,-0.08815703722575563
-3.5336010026856998e-07,-0.093187679794937139
-3.5333510056901167e-07,-0.088800788944354281
-3.5331010086945335e-07,-0.082961548741877778
-3.5328510116989504e-07,-0.083866780187236145
-3.5326010147033672e-07,-0.089058005414699437
-3.532351017707784e-07,-0.091320373485359596
-3.5321010207122009e-07,-0.086289730916178087
-3.5318510237166177e-07,-0.10415988072054461
-3.5316010267210346e-07,-0.087175067164935172
-3.5313510297254514e-07,-0.08773355375524261
-3.5311010327298683e-07,-0.094226493274618406
-3.5308510357342851e-07,-0.088638785200600978
-3.530601038738702e-07,-0.089492857568984618
-3.5303510417431188e-07,-0.079523942986270413
-3.5301010447475357e-07,-0.079795370311330771
-3.5298510477519525e-07,-0.075995387760485755
-3.5296010507563693e-07,-0.079745632319827564
-3.5293510537607862e-07,-0.0775884245740599
-3.529101056765203e-07,-0.076771300427935785
-3.5288510597696199e-07,-0.074356876211822964
-3.5286010627740367e-07,-0.072900263603514759
-3.5283510657784536e-07,-0.075829120760317892
-3.5281010687828704e-07,-0.087882767729752231
-3.5278510717872873e-07,-0.081041662269853987
-3.5276010747917041e-07,-0.063788263560127234
-3.527351077796121e-07,-0.080747497577249305
-3.5271010808005378e-07,-0.085751139522471931
-3.5268510838049546e-07,-0.085167073393677128
-3.5266010868093715e-07,-0.079106143857643474
-3.5263510898137883e-07,-0.069228178745106561
-3.5261010928182052e-07,-0.077889694694022182
-3.525851095822622e-07,-0.074972206220991211
-3.5256010988270389e-07,-0.075011996614193777
-3.5253511018314557e-07,-0.076549611094378633
-3.5251011048358726e-07,-0.074908257374772802
-3.5248511078402894e-07,-0.078293282967933919
-3.5246011108447063e-07,-0.065911365254578413
-3.5243511138491231e-07,-0.084673956735059619
-3.5241011168535399e-07,-0.079039352840482024
-3.5238511198579568e-07,-0.071644024046690902
-3.5236011228623736e-07,-0.09822684887694777
-3.5233511258667905e-07,-0.065101346535811899
-3.5231011288712073e-07,-0.087955243088799762
-3.5228511318756242e-07,-0.069614713993360056
-3.522601134880041e-07,-0.057693227972777095
-3.5223511378844579e-07,-0.073873707151506096
-3.5221011408888747e-07,-0.070198780122154858
-3.5218511438932916e-07,-0.078307493822649121
-3.5216011468977084e-07,-0.076707351581717376
-3.5213511499021252e-07,-0.080478912423131987
-3.5211011529065421e-07,-0.062256333421828458
-3.5208511559109589e-07,-0.066248162511328701
-3.5206011589153758e-07,-0.066745542426360771
-3.5203511619197926e-07,-0.065941208049480338
-3.5201011649242095e-07,-0.071474914875579998
-3.5198511679286263e-07,-0.067925043367722537
-3.5196011709330432e-07,-0.069333339069999056
-3.51935117393746e-07,-0.077785955454601208
-3.5191011769418769e-07,-0.058065552366315387
-3.5188511799462937e-07,-0.062755134422332048
-3.5186011829507105e-07,-0.051676352086360566
-3.5183511859551274e-07,-0.065858785092132166
-3.5181011889595442e-07,-0.051213078222644981
-3.5178511919639611e-07,-0.060045124428143026
-3.5176011949683779e-07,-0.061289995301194722
-3.5173511979727948e-07,-0.057741544878808782
-3.5171012009772116e-07,-0.058254556734027574
-3.5168512039816285e-07,-0.058538773828331614
-3.5166012069860453e-07,-0.054494364576385124
-3.5163512099904622e-07,-0.063066352140594972
-3.516101212994879e-07,-0.047072035158635117
-3.5158512159992958e-07,-0.048757442527858075
-3.5156012190037127e-07,-0.043657166770572076
-3.5153512220081295e-07,-0.072277828166988911
-3.5151012250125464e-07,-0.059401372709544376
-3.5148512280169632e-07,-0.070295413934218232
-3.5146012310213801e-07,-0.064518701492488617
-3.5143512340257969e-07,-0.049806203605839983
-3.5141012370302138e-07,-0.055335647175525082
-3.5138512400346306e-07,-0.055511861773993587
-3.5136012430390475e-07,-0.05943547876086086
-3.5133512460434643e-07,-0.04737756853501196
-3.5131012490478811e-07,-0.059205262914474588
-3.512851252052298e-07,-0.048267168040183606
-3.5126012550567148e-07,-0.051250026444904506
-3.5123512580611317e-07,-0.048534332108829403
-3.5121012610655485e-07,-0.049655568545858841
-3.5118512640699654e-07,-0.048316906031686813
-3.5116012670743822e-07,-0.047366199851239799
-3.5113512700787991e-07,-0.067187500008003553
-3.5111012730832159e-07,-0.061687899233220378
-3.5108512760876327e-07,-0.077697848155366955
-3.5106012790920496e-07,-0.07007088242971804
-3.5103512820964664e-07,-0.053894666507403599
-3.5101012851008833e-07,-0.042386716359033016
-3.5098512881053001e-07,-0.042760461838042829
-3.509601291109717e-07,-0.058025761973112822
-3.5093512941141338e-07,-0.049699622195475968
-3.5091012971185507e-07,-0.057289639698865358
-3.5088513001229675e-07,-0.052739324019057676
-3.5086013031273844e-07,-0.048106585381901823
-3.5083513061318012e-07,-0.059216631598246749
-3.508101309136218e-07,-0.044889247874380089
-3.5078513121406349e-07,-0.044138914745417424
-3.5076013151450517e-07,-0.061042726429150207
-3.5073513181494686e-07,-0.047742787501192652
-3.5071013211538854e-07,-0.042277292777725961
-3.5068513241583023e-07,-0.052379789394763066
-3.5066013271627191e-07,-0.055240434448933229
-3.506351330167136e-07,-0.034447111829649657
-3.5061013331715528e-07,-0.046095749439700739
-3.5058513361759697e-07,-0.035193181702197762
-3.5056013391803865e-07,-0.039972292142920196
-3.5053513421848033e-07,-0.027988278361590346
-3.5051013451892202e-07,-0.033699620871630032
-3.504851348193637e-07,-0.043320369513821788
-3.5046013511980539e-07,-0.035002756249014055
-3.5043513542024707e-07,-0.043664272197929677
-3.5041013572068876e-07,-0.046868819936207728
-3.5038513602113044e-07,-0.034579272778501036
-3.5036013632157213e-07,-0.035116443086735671
-3.5033513662201381e-07,-0.046046011448197532
-3.503101369224555e-07,-0.037714187328674598
-3.5028513722289718e-07,-0.020746426798723405
-3.5026013752333886e-07,-0.034675906590564409
-3.5023513782378055e-07,-0.036092728805670049
-3.5021013812422223e-07,-0.045324100028665271
-3.5018513842466392e-07,-0.046395598474191502
-3.501601387251056e-07,-0.04319389290685649
-3.5013513902554729e-07,-0.029145041935407789
-3.5011013932598897e-07,-0.050458481837267755
-3.5008513962643066e-07,-0.041268322092946619
-3.5006013992687234e-07,-0.035205971471441444
-3.5003514022731403e-07,-0.028408919661160326
-3.5001014052775571e-07,-0.031333513561548898
-3.4998514082819739e-07,-0.026443558454047889
-3.4996014112863908e-07,-0.029135094337107148
-3.4993514142908076e-07,-0.043444003949844046
-3.4991014172952245e-07,-0.040532199818699155
-3.4988514202996413e-07,-0.043542058847378939
-3.4986014233040582e-07,-0.04737898962048348
-3.498351426308475e-07,-0.03709033080667723
-3.4981014293128919e-07,-0.027746693831431912
-3.4978514323173087e-07,-0.024758151084824931
-3.4976014353217256e-07,-0.036850167361990316
-3.4973514383261424e-07,-0.039302960885834182
-3.4971014413305592e-07,-0.031484148621530039
-3.4968514443349761e-07,-0.047333514885394834
-3.4966014473393929e-07,-0.03453806129982695
-3.4963514503438098e-07,-0.033016078759828815
-3.4961014533482266e-07,-0.028180124900245573
-3.4958514563526435e-07,-0.03389857283764286
-3.4956014593570603e-07,-0.035348080018593464
-3.4953514623614772e-07,-0.034593483633216238
-3.495101465365894e-07,-0.034404479265504051
-3.4948514683703109e-07,-0.029474733764800476
-3.4946014713747277e-07,-0.030304647680168273
-3.4943514743791445e-07,-0.026351187898399075
-3.4941014773835614e-07,-0.039153746911324561
-3.4938514803879782e-07,-0.036436631489777938
-3.4936014833923951e-07,-0.027300472993374569
-3.4933514863968119e-07,-0.036564529182214756
-3.4931014894012288e-07,-0.025760016342246672
-3.4928514924056456e-07,-0.021371704406192293
-3.4926014954100625e-07,-0.024489565930707613
-3.4923514984144793e-07,-0.028059332635166356
-3.4921015014188962e-07,-0.036223468669049907
-3.491851504423313e-07,-0.018236789856018731
-3.4916015074277298e-07,-0.02751932015598868
-3.4913515104321467e-07,-0.018661694412003271
-3.4911015134365635e-07,-0.024037660750764189
-3.4908515164409804e-07,-0.023865709408710245
-3.4906015194453972e-07,-0.02964668510685442
-3.4903515224498141e-07,-0.027596058771450771
-3.4901015254542309e-07,-0.020169466097286204
-3.4898515284586478e-07,-0.018637535958987428
-3.4896015314630646e-07,-0.0099760200100718066
-3.4893515344674815e-07,-0.011378631370462244
-3.4891015374718983e-07,-0.025667645786597859
-3.4888515404763151e-07,-0.02354738626308972
-3.488601543480732e-07,-0.017959678189072292
-3.4883515464851488e-07,-0.019626611447165487
-3.4881015494895657e-07,-0.029194779926910996
-3.4878515524939825e-07,-0.028458657652663533
-3.4876015554983994e-07,-0.018444268334860681
-3.4873515585028162e-07,-0.016139267700054916
-3.4871015615072331e-07,-0.025561064376233844
-3.4868515645116499e-07,-0.013142198440618813
-3.4866015675160668e-07,-0.0081143980423803441
-3.4863515705204836e-07,-0.015080559023772366
-3.4861015735249004e-07,-0.020128254618612118
-3.4858515765293173e-07,-0.012660450465773465
-3.4856015795337341e-07,-0.018114576505467994
-3.485351582538151e-07,-0.026869884095503949
-3.4851015855425678e-07,-0.022167512270243606
-3.4848515885469847e-07,0.0048899551075010095
-3.4846015915514015e-07,-0.014092904621065827
-3.4843515945558184e-07,-0.025984547846746864
-3.4841015975602352e-07,-0.0029515945243474562
-3.4838516005646521e-07,-0.014748025023436639
-3.4836016035690689e-07,-0.019181811694579665
-3.4833516065734857e-07,-0.0088775209405866917
-3.4831016095779026e-07,-0.01744950850479654
-3.4828516125823194e-07,0.00020747847884194925
-3.4826016155867363e-07,-0.0079239725891966373
-3.4823516185911531e-07,-0.010236078651360003
-3.48210162159557e-07,-0.0033523406273161527
-3.4818516245999868e-07,-0.011432632618380012
-3.4816016276044037e-07,-0.0068965277932875324
-3.4813516306088205e-07,-0.0053134385780140292
-3.4811016336132374e-07,-0.015300827271857997
-3.4808516366176542e-07,-0.0097287511380272917
-3.480601639622071e-07,-0.0091162632998020854
-3.4803516426264879e-07,-0.01070787902790471
-3.4801016456309047e-07,-0.014816237126069609
-3.4798516486353216e-07,0.0072233774517371785
-3.4796016516397384e-07,-0.00016058265828178264
-3.4793516546441553e-07,-0.0030127011996228248
-3.4791016576485721e-07,-0.010462031241331715
-3.478851660652989e-07,-0.012806822269340046
-3.4786016636574058e-07,0.0061191940403659828
-3.4783516666618227e-07,0.0091233687271596864
-3.4781016696662395e-07,-0.0039321434996963944
-3.4778516726706563e-07,-0.012420287021086551
-3.4776016756750732e-07,-0.010199130429100478
-3.47735167867949e-07,0.0055621285355300643
-3.4771016816839069e-07,-0.010439293873787392
-3.4768516846883237e-07,0.007609912699990673
-3.4766016876927406e-07,0.0038497205423482228
-3.4763516906971574e-07,0.0058420823734195437
-3.4761016937015743e-07,0.0046057380131969694
-3.4758516967059911e-07,0.0093393737188307568
-3.475601699710408e-07,-0.0056786575441947207
-3.4753517027148248e-07,-0.0022097879082139116
-3.4751017057192416e-07,0.011289102985756472
-3.4748517087236585e-07,-0.0021145751816220582
-3.4746017117280753e-07,-0.0085847773334535304
-3.4743517147324922e-07,-0.0056473936638212763
-3.474101717736909e-07,0.010932410532404901
-3.4738517207413259e-07,-0.0039946712604432832
-3.4736017237457427e-07,0.0023732127374387346
-3.4733517267501596e-07,0.0071224803832592443
-3.4731017297545764e-07,0.0096505914370936807
-3.4728517327589933e-07,0.0071736394602339715
-3.4726017357634101e-07,0.0098808072834799532
-3.4723517387678269e-07,-0.011156942036905093
-3.4721017417722438e-07,0.0066506800067145377
-3.4718517447766606e-07,-0.0045645265345228836
-3.4716017477810775e-07,0.0024286350708280224
-3.4713517507854943e-07,-0.0071793238021200523
-3.4711017537899112e-07,0.0060381921684893314
-3.470851756794328e-07,0.0089485752141627017
-3.4706017597987449e-07,0.02496136630725232
-3.4703517628031617e-07,0.0083133500083931722
-3.4701017658075786e-07,0.01312372432948905
-3.4698517688119954e-07,0.017550405573274475
-3.4696017718164122e-07,0.0056019189287326299
-3.4693517748208291e-07,0.003780087354243733
-3.4691017778252459e-07,-0.0073356432039872743
-3.4688517808296628e-07,0.0054527049542230088
-3.4686017838340796e-07,0.0051755932872765698
-3.4683517868384965e-07,0.011162626378791174
-3.4681017898429133e-07,0.034171421248174738
-3.4678517928473302e-07,0.023182167296909029
-3.467601795851747e-07,0.02283684352732962
-3.4673517988561638e-07,0.023558754946861882
-3.4671018018605807e-07,0.0093251628641155548
-3.4668518048649975e-07,0.0052025939112354536
-3.4666018078694144e-07,0.012880718713859096
-3.4663518108738312e-07,0.014998136066424195
-3.4661018138782481e-07,0.014198064945958322
-3.4658518168826649e-07,0.023700863494013902
-3.4656018198870818e-07,0.015667467323510209
-3.4653518228914986e-07,0.011603162874962436
-3.4651018258959155e-07,0.019271340079285437
-3.4648518289003323e-07,0.031427305202669231
-3.4646018319047491e-07,0.017956836018129252
-3.464351834909166e-07,0.026891200377576752
-3.4641018379135828e-07,0.033480773709015921
-3.4638518409179997e-07,0.011324630122544477
-3.4636018439224165e-07,0.035842617762682494
-3.4633518469268334e-07,0.019906565285054967
-3.4631018499312502e-07,0.018735590856522322
-3.4628518529356671e-07,0.02624460648803506
-3.4626018559400839e-07,0.032302693853125675
-3.4623518589445008e-07,0.017928414308698848
-3.4621018619489176e-07,0.028050806122337235
-3.4618518649533344e-07,0.015984369383659214
-3.4616018679577513e-07,0.029761793030047556
-3.4613518709621681e-07,0.02581401759016444
-3.461101873966585e-07,0.030941293971409323
-3.4608518769710018e-07,0.030345859158842359
-3.4606018799754187e-07,0.038247094380494673
-3.4603518829798355e-07,0.02007141119975131
-3.4601018859842524e-07,0.036928327062923927
-3.4598518889886692e-07,0.012228440482431324
-3.4596018919930861e-07,0.029278623969730688
-3.4593518949975029e-07,0.026378188522357959
-3.4591018980019197e-07,0.024928681341407355
-3.4588519010063366e-07,0.025492852273600874
-3.4586019040107534e-07,0.01375610736431554
-3.4583519070151703e-07,0.02340101445952314
-3.4581019100195871e-07,0.027976909677818185
-3.457851913024004e-07,0.03382893964953837
-3.4576019160284208e-07,0.029346836072363658
-3.4573519190328377e-07,0.034451375086064218
-3.4571019220372545e-07,0.015963053101586411
-3.4568519250416714e-07,0.026231816718791379
-3.4566019280460882e-07,0.037314862311177421
-3.456351931050505e-07,0.027300472993374569
-3.4561019340549219e-07,0.033492142392788082
-3.4558519370593387e-07,0.026179236556345131
-3.4556019400637556e-07,0.028261126772122225
-3.4553519430681724e-07,0.023015900296741165
-3.4551019460725893e-07,0.028917668259964557
-3.4548519490770061e-07,0.018799539702740731
-3.454601952081423e-07,0.044718717617797665
-3.4543519550858398e-07,0.032184743758989498
-3.4541019580902567e-07,0.032818547879287507
-3.4538519610946735e-07,0.022664892185275676
-3.4536019640990903e-07,0.026702196009864565
-3.4533519671035072e-07,0.041556802443665219
-3.453101970107924e-07,0.035059599667874863
-3.4528519731123409e-07,0.031792524168849923
-3.4526019761167577e-07,0.034080471777997445
-3.4523519791211746e-07,0.022562574031326221
-3.4521019821255914e-07,0.032792968340800144
-3.4518519851300083e-07,0.051380766308284365
-3.4516019881344251e-07,0.021903190372540848
-3.451351991138842e-07,0.039798919715394732
-3.4511019941432588e-07,0.035556979582906934
-3.4508519971476756e-07,0.038319569739542203
-3.4506020001520925e-07,0.041920600324374391
-3.4503520031565093e-07,0.022640733732259832
-3.4501020061609262e-07,0.049026027681975393
-3.449852009165343e-07,0.039132430629251758
-3.4496020121697599e-07,0.0334722471961868
-3.4493520151741767e-07,0.028968827336939285
-3.4491020181785936e-07,0.02397229081907426
-3.4488520211830104e-07,0.053589133131026756
-3.4486020241874273e-07,0.039062797441147268
-3.4483520271918441e-07,0.042471981487324229
-3.4481020301962609e-07,0.044295234147284646
-3.4478520332006778e-07,0.048076742586999899
-3.4476020362050946e-07,0.046209436277422355
-3.4473520392095115e-07,0.036342839848657604
-3.4471020422139283e-07,0.031664626476413105
-3.4468520452183452e-07,0.044492765027825953
-3.446602048222762e-07,0.042589931581460405
-3.4463520512271789e-07,0.040223824271379272
-3.4461020542315957e-07,0.047383252876898041
-3.4458520572360126e-07,0.039844394450483378
-3.4456020602404294e-07,0.050839332743635168
-3.4453520632448462e-07,0.039452174860343803
-3.4451020662492631e-07,0.03815614491031738
-3.4448520692536799e-07,0.042044234760396648
-3.4446020722580968e-07,0.047739945330249611
-3.4443520752625136e-07,0.034877700727520278
-3.4441020782669305e-07,0.052291682095528813
-3.4438520812713473e-07,0.04879154857917456
-3.4436020842757642e-07,0.046601655867561931
-3.443352087280181e-07,0.057116267271339893
-3.4431020902845979e-07,0.037535130559263052
-3.4428520932890147e-07,0.04396980557430652
-3.4426020962934315e-07,0.024590462999185547
-3.4423520992978484e-07,0.027411317660153145
-3.4421021023022652e-07,0.053184123771643499
-3.4418521053066821e-07,0.057382010254514171
-3.4416021083110989e-07,0.0478024730909965
-3.4413521113155158e-07,0.047694470595160965
-3.4411021143199326e-07,0.039796077544451691
-3.4408521173243495e-07,0.052170889830449596
-3.4406021203287663e-07,0.040900260955822887
-3.4403521233331832e-07,0.044904879814566812
-3.4401021263376e-07,0.04503561967794667
-3.4398521293420168e-07,0.042618353290890809
-3.4396021323464337e-07,0.059107208016939694
-3.4393521353508505e-07,0.045784531721437816
-3.4391021383552674e-07,0.063648997183918254
-3.4388521413596842e-07,0.064345329064963153
-3.4386021443641011e-07,0.049048765049519716
-3.4383521473685179e-07,0.045950798721605679
-3.4381021503729348e-07,0.060101967847003834
-3.4378521533773516e-07,0.049568882332096109
-3.4376021563817685e-07,0.034738434351311298
-3.4373521593861853e-07,0.058858518059423659
-3.4371021623906021e-07,0.062948402046458796
-3.436852165395019e-07,0.04340705572758452
-3.4366021683994358e-07,0.054338045174517902
-3.4363521714038527e-07,0.04489493221626617
-3.4361021744082695e-07,0.049615778152656276
-3.4358521774126864e-07,0.070093619797262363
-3.4356021804171032e-07,0.055496229833806865
-3.4353521834215201e-07,0.048800075092003681
-3.4351021864259369e-07,0.065921312852879055
-3.4348521894303538e-07,0.042869885419349885
-3.4346021924347706e-07,0.05156266524863895
-3.4343521954391874e-07,0.073644912390591344
-3.4341021984436043e-07,0.057175952861143742
-3.4338522014480211e-07,0.044487080685939873
-3.433602204452438e-07,0.067096550537826261
-3.4333522074568548e-07,0.045811532345396699
-3.4331022104612717e-07,0.063808158756728517
-3.4328522134656885e-07,0.051976201120851329
-3.4326022164701054e-07,0.058895466281683184
-3.4323522194745222e-07,0.072760997227305779
-3.4321022224789391e-07,0.066270899878873024
-3.4318522254833559e-07,0.068773431394220097
-3.4316022284877727e-07,0.06305214128587977
-3.4313522314921896e-07,0.065691097006492782
-3.4311022344966064e-07,0.059092997162224492
-3.4308522375010233e-07,0.072401462603011169
-3.4306022405054401e-07,0.064177640979323769
-3.430352243509857e-07,0.062047433857514989
-3.4301022465142738e-07,0.079202777669706848
-3.4298522495186907e-07,0.055422333389287814
-3.4296022525231075e-07,0.064738969740574248
-3.4293522555275244e-07,0.069955774506524904
-3.4291022585319412e-07,0.064689231749071041
-3.428852261536358e-07,0.061052674027450848
-3.4286022645407749e-07,0.059173999034101143
-3.4283522675451917e-07,0.067973360273754224
-3.4281022705496086e-07,0.074811623562709428
-3.4278522735540254e-07,0.065229244228248717
-3.4276022765584423e-07,0.081982420852000359
-3.4273522795628591e-07,0.05581313189395587
-3.427102282567276e-07,0.064477490013814531
-3.4268522855716928e-07,0.076263972914603073
-3.4266022885761097e-07,0.066623329075810034
-3.4263522915805265e-07,0.059969806898152456
-3.4261022945849433e-07,0.072937211825774284
-3.4258522975893602e-07,0.07439666660502553
-3.425602300593777e-07,0.069168493155302713
-3.4253523035981939e-07,0.067386451974016381
-3.4251023066026107e-07,0.06567404398083454
-3.4248523096070276e-07,0.064939342792058596
-3.4246023126114444e-07,0.075755224315798841
-3.4243523156158613e-07,0.064463279159099329
-3.4241023186202781e-07,0.081455198142066365
-3.423852321624695e-07,0.073772810083028162
-3.4236023246291118e-07,0.055760551731509622
-3.4233523276335286e-07,0.060465765727713006
-3.4231023306379455e-07,0.060268234847171698
-3.4228523336423623e-07,0.070653527473041322
-3.4226023366467792e-07,0.061733373968309024
-3.422352339651196e-07,0.063413096995645901
-3.4221023426556129e-07,0.079974427080742316
-3.4218523456600297e-07,0.073350747697986662
-3.4216023486644466e-07,0.074737727118190378
-3.4213523516688634e-07,0.069944405822752742
-3.4211023546732802e-07,0.054035353969084099
-3.4208523576776971e-07,0.072778050252964022
-3.4206023606821139e-07,0.078375705925282091
-3.4203523636865308e-07,0.078645712164870929
-3.4201023666909476e-07,0.075880279837292619
-3.4198523696953645e-07,0.072053296662488719
-3.4196023726997813e-07,0.07241141020131181
-3.4193523757041982e-07,0.071831607328931568
-3.419102378708615e-07,0.07567280135845067
-3.4188523817130319e-07,0.064689231749071041
-3.4186023847174487e-07,0.069634609189961338
-3.4183523877218655e-07,0.086845375335542485
-3.4181023907262824e-07,0.086545526301051723
-3.4178523937306992e-07,0.070635053361911559
-3.4176023967351161e-07,0.077133677223173436
-3.4173523997395329e-07,0.068487793214444537
-3.4171024027439498e-07,0.074787465109693585
-3.4168524057483666e-07,0.077464790138037642
-3.4166024087527835e-07,0.063241145653591957
-3.4163524117572003e-07,0.052574478104361333
-3.4161024147616172e-07,0.081968209997285157
-3.415852417766034e-07,0.085962881257728441
-3.4156024207704508e-07,0.080579809491609922
-3.4153524237748677e-07,0.077315576163528021
-3.4151024267792845e-07,0.077818640420446172
-3.4148524297837014e-07,0.078043171924946364
-3.4146024327881182e-07,0.059208105085417628
-3.4143524357925351e-07,0.06681233344352222
-3.4141024387969519e-07,0.086862428361200728
-3.4138524418013688e-07,0.076892092693015002
-3.4136024448057856e-07,0.06935891860848642
-3.4133524478102025e-07,0.08042917443162878
-3.4131024508146193e-07,0.079035089584067464
-3.4128524538190361e-07,0.066260952280572383
-3.412602456823453e-07,0.072880368406913476
-3.4123524598278698e-07,0.07148770464482368
-3.4121024628322867e-07,0.075854700298805255
-3.4118524658367035e-07,0.072168404585681856
-3.4116024688411204e-07,0.085358919932332356
-3.4113524718455372e-07,0.066653171870711958
-3.4111024748499541e-07,0.068529004693118623
-3.4108524778543709e-07,0.077120887453929754
-3.4106024808587878e-07,0.065695360262907343
-3.4103524838632046e-07,0.080643758337828331
-3.4101024868676214e-07,0.062635763242724352
-3.4098524898720383e-07,0.072093087055691285
-3.4096024928764551e-07,0.082435747117415303
-3.409352495880872e-07,0.063174354636430508
-3.4091024988852888e-07,0.085555029727402143
-3.4088525018897057e-07,0.091118579348403728
-3.4086025048941225e-07,0.081909945492952829
-3.4083525078985394e-07,0.082609119544940768
-3.4081025109029562e-07,0.089806917458190583
-3.4078525139073731e-07,0.099792885066563031
-3.4076025169117899e-07,0.070335204327420797
-3.4073525199162067e-07,0.09128058309215703
-3.4071025229206236e-07,0.088905949269246776
-3.4068525259250404e-07,0.085621820744563593
-3.4066025289294573e-07,0.075910122632194543
-3.4063525319338741e-07,0.084000362221559044
-3.406102534938291e-07,0.095738528216315899
-3.4058525379427078e-07,0.093284313607000513
-3.4056025409471247e-07,0.090842888766928809
-3.4053525439515415e-07,0.089734442099143052
-3.4051025469559584e-07,0.081548989783186698
-3.4048525499603752e-07,0.093314156401902437
-3.404602552964792e-07,0.093865537564852275
-3.4043525559692089e-07,0.10714842346715159
-3.4041025589736257e-07,0.10380176718172152
-3.4038525619780426e-07,0.08418368224738515
-3.4036025649824594e-07,0.085699980445497204
-3.4033525679868763e-07,0.098549435278982855
-3.4031025709912931e-07,0.083890938640251989
-3.40285257399571e-07,0.10217320323135937
-3.4026025770001268e-07,0.08879368351699668
-3.4023525800045437e-07,0.10024479024650645
-3.4021025830089605e-07,0.094686924967390951
-3.4018525860133773e-07,0.084857276760885725
-3.4016025890177942e-07,0.10190177590629901
-3.401352592022211e-07,0.10086580459756078
-3.4011025950266279e-07,0.099511510143202031
-3.4008525980310447e-07,0.1101042812479136
-3.4006026010354616e-07,0.091168317339906935
-3.4003526040398784e-07,0.093032781478541438
-3.4001026070442953e-07,0.091215213160467101
-3.3998526100487121e-07,0.094740926215308718
-3.399602613053129e-07,0.099531405339803314
-3.3993526160575458e-07,0.10633272040649899
-3.3991026190619626e-07,0.098965813322138274
-3.3988526220663795e-07,0.086812690369697521
-3.3986026250707963e-07,0.098539487680682214
-3.3983526280752132e-07,0.091729646101157414
-3.39810263107963e-07,0.104679998003121
-3.3978526340840469e-07,0.091215213160467101
-3.3976026370884637e-07,0.095855057224980555
-3.3973526400928806e-07,0.10678746775738546
-3.3971026430972974e-07,0.078736661635048222
-3.3968526461017143e-07,0.10530811778153293
-3.3966026491061311e-07,0.10177245712839067
-3.3963526521105479e-07,0.096501651114522247
-3.3961026551149648e-07,0.1127773430198431
-3.3958526581193816e-07,0.11162057944602566
-3.3956026611237985e-07,0.10534932926020701
-3.3953526641282153e-07,0.10109175718753249
-3.3951026671326322e-07,0.10680878403945826
-3.394852670137049e-07,0.10176819387197611
-3.3946026731414659e-07,0.10443841347296257
-3.3943526761458827e-07,0.104363095942972
-3.3941026791502996e-07,0.098643226920103189
-3.3938526821547164e-07,0.10479652701178566
-3.3936026851591332e-07,0.093497476427728543
-3.3933526881635501e-07,0.10143992312805494
-3.3931026911679669e-07,0.10734027000580681
-3.3928526941723838e-07,0.10079901358039933
-3.3926026971768006e-07,0.099744568160531344
-3.3923527001812175e-07,0.10756622259577853
-3.3921027031856343e-07,0.11008722822225536
-3.3918527061900512e-07,0.10351470791647444
-3.391602709194468e-07,0.11224443596802303
-3.3913527121988849e-07,0.10269900485582184
-3.3911027152033017e-07,0.099474561920942506
-3.3908527182077185e-07,0.098950181381951552
-3.3906027212121354e-07,0.10200835731666302
-3.3903527242165522e-07,0.10692247087717988
-3.3901027272209691e-07,0.11773835240092012
-3.3898527302253859e-07,0.10211351764155552
-3.3896027332298028e-07,0.094622976121172542
-3.3893527362342196e-07,0.1004167415885604
-3.3891027392386365e-07,0.11236096497668768
-3.3888527422430533e-07,0.11662280030577676
-3.3886027452474702e-07,0.11795009413617663
-3.388352748251887e-07,0.11178826753166504
-3.3881027512563038e-07,0.10279279649694217
-3.3878527542607207e-07,0.11806946531578433
-3.3876027572651375e-07,0.10965663932438474
-3.3873527602695544e-07,0.11187779591637081
-3.3871027632739712e-07,0.11029612778656883
-3.3868527662783881e-07,0.093426422154152533
-3.3866027692828049e-07,0.10993375099133118
-3.3863527722872218e-07,0.11286402923360583
-3.3861027752916386e-07,0.11067697869293625
-3.3858527782960555e-07,0.11504113217597478
-3.3856027813004723e-07,0.09290630487157614
-3.3853527843048891e-07,0.12431087270670105
-3.385102787309306e-07,0.10276579587298329
-3.3848527903137228e-07,0.094712504505878314
-3.3846027933181397e-07,0.10644072290233453
-3.3843527963225565e-07,0.098168584372615442
-3.3841027993269734e-07,0.11091003671026556
-3.3838528023313902e-07,0.10856098242584267
-3.3836028053358071e-07,0.11680043598971679
-3.3833528083402239e-07,0.1022527840177645
-3.3831028113446408e-07,0.1219788714479364
-3.3828528143490576e-07,0.11282850209681783
-3.3826028173534744e-07,0.095739949301787419
-3.3823528203578913e-07,0.10774527936519007
-3.3821028233623081e-07,0.10651319826138206
-3.381852826366725e-07,0.10328875532650272
-3.3816028293711418e-07,0.10918768111878308
-3.3813528323755587e-07,0.11711733804986579
-3.3811028353799755e-07,0.10507221759326058
-3.3808528383843924e-07,0.11255139042987139
-3.3806028413888092e-07,0.1159989437837794
-3.3803528443932261e-07,0.12098411161787226
-3.3801028473976429e-07,0.12303331686780439
-3.3798528504020597e-07,0.11954313094975078
-3.3796028534064766e-07,0.11588241477511474
-3.3793528564108934e-07,0.1165616936305014
-3.3791028594153103e-07,0.10587655197014101
-3.3788528624197271e-07,0.12067999932696694
-3.378602865424144e-07,0.10870166988752317
-3.3783528684285608e-07,0.11139178468511091
-3.3781028714329777e-07,0.12658318837566185
-3.3778528744373945e-07,0.12498730939114466
-3.3776028774418113e-07,0.12144596439611632
-3.3773528804462282e-07,0.10809770856212708
-3.377102883450645e-07,0.12890239986518282
-3.3768528864550619e-07,0.11344383210598608
-3.3766028894594787e-07,0.10528253824304556
-3.3763528924638956e-07,0.12602185961441137
-3.3761028954683124e-07,0.12076242228431511
-3.3758528984727293e-07,0.11253575848968467
-3.3756029014771461e-07,0.097995211945089977
-3.375352904481563e-07,0.1161893692369631
-3.3751029074859798e-07,0.11422258694437915
-3.3748529104903966e-07,0.11976624136877945
-3.3746029134948135e-07,0.1150638695435191
-3.3743529164992303e-07,0.10657004168024287
-3.3741029195036472e-07,0.1105121327782399
-3.373852922508064e-07,0.10230536418021074
-3.3736029255124809e-07,0.12719709729935857
-3.3733529285168977e-07,0.12259420145710465
-3.3731029315213146e-07,0.12774421520589385
-3.3728529345257314e-07,0.11842189451272134
-3.3726029375301483e-07,0.12373675417620689
-3.3723529405345651e-07,0.11923333431695937
-3.3721029435389819e-07,0.12178134056739509
-3.3718529465433988e-07,0.12336300869719707
-3.3716029495478156e-07,0.11944081279580132
-3.3713529525522325e-07,0.1282259631807392
-3.3711029555566493e-07,0.10384724191681016
-3.3708529585610662e-07,0.13634320339406258
-3.370602961565483e-07,0.11335146155033726
-3.3703529645698999e-07,0.11844889513668022
-3.3701029675743167e-07,0.13429115597318741
-3.3698529705787336e-07,0.10993090882038814
-3.3696029735831504e-07,0.11422400802985067
-3.3693529765875672e-07,0.11964118584728567
-3.3691029795919841e-07,0.12733352150462451
-3.3688529825964009e-07,0.12118732684029965
-3.3686029856008178e-07,0.12213803302074666
-3.3683529886052346e-07,0.11562235613382654
-3.3681029916096515e-07,0.12633876167456037
-3.3678529946140683e-07,0.12749552524837782
-3.3676029976184852e-07,0.12224887768752524
-3.367353000622902e-07,0.11659579968181788
-3.3671030036273189e-07,0.14182717222865904
-3.3668530066317357e-07,0.11840342040159157
-3.3666030096361525e-07,0.11581562375795329
-3.3663530126405694e-07,0.12665424264923786
-3.3661030156449862e-07,0.13559571243604296
-3.3658530186494031e-07,0.13045990954196895
-3.3656030216538199e-07,0.11515908227011096
-3.3653530246582368e-07,0.12545910976768937
-3.3651030276626536e-07,0.11358878282408114
-3.3648530306670705e-07,0.12628049717022805
-3.3646030336714873e-07,0.11918359632545616
-3.3643530366759042e-07,0.11953460443692165
-3.364103039680321e-07,0.12041851960020722
-3.3638530426847378e-07,0.13275212040753104
-3.3636030456891547e-07,0.12665566373470938
-3.3633530486935715e-07,0.12527010539997718
-3.3631030516979884e-07,0.12798295756510925
-3.3628530547024052e-07,0.12837233498430578
-3.3626030577068221e-07,0.13439347412713687
-3.3623530607112389e-07,0.13333618653632584
-3.3621030637156558e-07,0.12308447594477911
-3.3618530667200726e-07,0.12792611414624844
-3.3616030697244895e-07,0.12886829381386633
-3.3613530727289063e-07,0.11909975228263647
-3.3611030757333231e-07,0.12281446970519028
-3.36085307873774e-07,0.11720544534910005
-3.3606030817421568e-07,0.12855281283918885
-3.3603530847465737e-07,0.13538254961531493
-3.3601030877509905e-07,0.1230063162438455
-3.3598530907554074e-07,0.12179981467852485
-3.3596030937598242e-07,0.12927472425872111
-3.3593530967642411e-07,0.13389325204116176
-3.3591030997686579e-07,0.12549890016089194
-3.3588531027730748e-07,0.12936709481436992
-3.3586031057774916e-07,0.11778951147789485
-3.3583531087819084e-07,0.13310028634805349
-3.3581031117863253e-07,0.13805561138724443
-3.3578531147907421e-07,0.13912710983277066
-3.357603117795159e-07,0.14224781352822902
-3.3573531207995758e-07,0.12968257578904741
-3.3571031238039927e-07,0.13525749409382115
-3.3568531268084095e-07,0.11007159628206864
-3.3566031298128264e-07,0.12118022141294205
-3.3563531328172432e-07,0.13881873428545077
-3.3561031358216601e-07,0.12005045846308349
-3.3558531388260769e-07,0.11794156762334751
-3.3556031418304937e-07,0.11990834991593147
-3.3553531448349106e-07,0.13541381349568837
-3.3551031478393274e-07,0.1225203050125856
-3.3548531508437443e-07,0.11948628753088997
-3.3546031538481611e-07,0.12494467682699906
-3.354353156852578e-07,0.11856826631628792
-3.3541031598569948e-07,0.14035776985110715
-3.3538531628614117e-07,0.13507417406799505
-3.3536031658658285e-07,0.12419008044162183
-3.3533531688702454e-07,0.13486953776009614
-3.3531031718746622e-07,0.12925056580570526
-3.352853174879079e-07,0.12115890513086924
-3.3526031778834959e-07,0.11745129313567304
-3.3523531808879127e-07,0.13741185966864577
-3.3521031838923296e-07,0.14450165508606005
-3.3518531868967464e-07,0.14207159892976051
-3.3516031899011633e-07,0.14429133443627506
-3.3513531929055801e-07,0.14725287655892316
-3.351103195909997e-07,0.13546213040172006
-3.3508531989144138e-07,0.13492780226442846
-3.3506032019188307e-07,0.14922818536433624
-3.3503532049232475e-07,0.12382486147544114
-3.3501032079276643e-07,0.13640715224028099
-3.3498532109320812e-07,0.13690311106984154
-3.349603213936498e-07,0.13792629260933609
-3.3493532169409149e-07,0.13663736808666727
-3.3491032199453317e-07,0.13704664070246508
-3.3488532229497486e-07,0.15755290405650157
-3.3486032259541654e-07,0.15928236507534166
-3.3483532289585823e-07,0.13924932318332139
-3.3481032319629991e-07,0.14154863947624108
-3.347853234967416e-07,0.14750582977285376
-3.3476032379718328e-07,0.13332197568161064
-3.3473532409762496e-07,0.14461818409472471
-3.3471032439806665e-07,0.13540528698285925
-3.3468532469850833e-07,0.12968399687451893
-3.3466032499895002e-07,0.14233449974199175
-3.346353252993917e-07,0.15177761270024348
-3.3461032559983339e-07,0.14599095266021322
-3.3458532590027507e-07,0.11979892633462441
-3.3456032620071676e-07,0.14716761143063195
-3.3453532650115844e-07,0.1421554429725802
-3.3451032680160013e-07,0.14793641867072438
-3.3448532710204181e-07,0.15587175994369318
-3.3446032740248349e-07,0.14067325082578463
-3.3443532770292518e-07,0.13953780353403999
-3.3441032800336686e-07,0.141859857194504
-3.3438532830380855e-07,0.1442799657525029
-3.3436032860425023e-07,0.13912853091824218
-3.3433532890469192e-07,0.14928360769772553
-3.343103292051336e-07,0.15099743677637889
-3.3428532950557529e-07,0.13469758641804219
-3.3426032980601697e-07,0.14277645732363453
-3.3423533010645866e-07,0.14661765135315363
-3.3421033040690034e-07,0.14887575616739923
-3.3418533070734202e-07,0.15901662209216738
-3.3416033100778371e-07,0.15159429267441737
-3.3413533130822539e-07,0.14930634506526985
-3.3411033160866708e-07,0.14753851473869872
-3.3408533190910876e-07,0.15102727957128081
-3.3406033220955045e-07,0.14781278423470212
-3.3403533250999213e-07,0.14734240494362894
-3.3401033281043382e-07,0.13869936310584308
-3.339853331108755e-07,0.14648264823335921
-3.3396033341131719e-07,0.1397495452692965
-3.3393533371175887e-07,0.14997567632235587
-3.3391033401220055e-07,0.14677112858407781
-3.3388533431264224e-07,0.1577305397404416
-3.3386033461308392e-07,0.14646985846411553
-3.3383533491352561e-07,0.1493731360824313
-3.3381033521396729e-07,0.15887593463048688
-3.3378533551440898e-07,0.13522623021344771
-3.3376033581485066e-07,0.14779573120904388
-3.3373533611529235e-07,0.1556131223878765
-3.3371033641573403e-07,0.14121610547590535
-3.3368533671617572e-07,0.1516525571787497
-3.336603370166174e-07,0.16034675809351029
-3.3363533731705908e-07,0.16054286788858008
-3.3361033761750077e-07,0.15266152786352905
-3.3358533791794245e-07,0.15865708746787277
-3.3356033821838414e-07,0.14496635003524716
-3.3353533851882582e-07,0.14520935565087711
-3.3351033881926751e-07,0.14916707868906087
-3.3348533911970919e-07,0.15108838624655618
-3.3346033942015088e-07,0.15209877801680705
-3.3343533972059256e-07,0.15483720972042647
-3.3341034002103425e-07,0.1517861392130726
-3.3338534032147593e-07,0.157723434313084
-3.3336034062191761e-07,0.15020731325421366
-3.333353409223593e-07,0.15904930705801235
-3.3331034122280098e-07,0.17284804698647349
-3.3328534152324267e-07,0.14572805184798199
-3.3326034182368435e-07,0.16094219290607725
-3.3323534212412604e-07,0.14610748166887788
-3.3321034242456772e-07,0.15130581232369877
-3.3318534272500941e-07,0.15614887161063962
-3.3316034302545109e-07,0.15212719972623745
-3.3313534332589277e-07,0.1402554516971577
-3.3311034362633446e-07,0.15485710491702775
-3.3308534392677614e-07,0.13908731943956809
-3.3306034422721783e-07,0.16189574125746731
-3.3303534452765951e-07,0.1501959445704415
-3.330103448281012e-07,0.14369305745276506
-3.3298534512854288e-07,0.14902212797096581
-3.3296034542898457e-07,0.1599886445546872
-3.3293534572942625e-07,0.14362484535013209
-3.3291034602986794e-07,0.16403021163569065
-3.3288534633030962e-07,0.15187424651230685
-3.328603466307513e-07,0.15410961395900813
-3.3283534693119299e-07,0.16006964642656385
-3.3281034723163467e-07,0.1663693183218129
-3.3278534753207636e-07,0.15063505998114124
-3.3276034783251804e-07,0.15560033261863282
-3.3273534813295973e-07,0.16195542684727116
-3.3271034843340141e-07,0.15704983979958342
-3.326853487338431e-07,0.1466361254642834
-3.3266034903428478e-07,0.14559162764271605
-3.3263534933472647e-07,0.15669883168811793
-3.3261034963516815e-07,0.15137260334086022
-3.3258534993560983e-07,0.16292602822431945
-3.3256035023605152e-07,0.15818955034774262
-3.325353505364932e-07,0.16140120351337828
-3.3251035083693489e-07,0.16395489410570008
-3.3248535113737657e-07,0.15778027773194481
-3.3246035143781826e-07,0.15748327086839708
-3.3243535173825994e-07,0.14921255342414952
-3.3241035203870163e-07,0.15548948795185424
-3.3238535233914331e-07,0.15245547047015862
-3.32360352639585e-07,0.16209185105253709
-3.3233535294002668e-07,0.16127046364999842
-3.3231035324046836e-07,0.13681926702702185
-3.3228535354091005e-07,0.16819257098177331
-3.3226035384135173e-07,0.15154029142649961
-3.3223535414179342e-07,0.14824479421804426
-3.322103544422351e-07,0.15806591591172037
-3.3218535474267679e-07,0.15768080174893839
-3.3216035504311847e-07,0.16075603070930811
-3.3213535534356016e-07,0.15811849607416661
-3.3211035564400184e-07,0.16364651855838019
-3.3208535594444353e-07,0.16218280052271439
-3.3206035624488521e-07,0.18023911252385005
-3.3203535654532689e-07,0.17052883549695252
-3.3201035684576858e-07,0.15468089031855925
-3.3198535714621026e-07,0.15968737443472492
-3.3196035744665195e-07,0.16899832644412527
-3.3193535774709363e-07,0.15184866697381949
-3.3191035804753532e-07,0.1356127654617012
-3.31885358347977e-07,0.15848513612581883
-3.3186035864841869e-07,0.15198509117908543
-3.3183535894886037e-07,0.16504344557688455
-3.3181035924930206e-07,0.17152501641248818
-3.3178535954974374e-07,0.16426753290943452
-3.3176035985018542e-07,0.15954952914398746
-3.3173536015062711e-07,0.15702283917562454
-3.3171036045106879e-07,0.15597976243952871
-3.3168536075151048e-07,0.15702994460298214
-3.3166036105195216e-07,0.15442651601915713
-3.3163536135239385e-07,0.15205472436718992
-3.3161036165283553e-07,0.15423182730955887
-3.3158536195327722e-07,0.15249099760694662
-3.315603622537189e-07,0.15608208059347817
-3.3153536255416059e-07,0.16285497395074344
-3.3151036285460227e-07,0.16941754665822373
-3.3148536315504395e-07,0.17860060097518726
-3.3146036345548564e-07,0.17261356788367266
-3.3143536375592732e-07,0.17184760281452327
